step,total_steps,progress_percent,elapsed,eta,loss,lr
0,40000,0.0,00:00,?,1.22,1e-05
2,40000,0.005,01:37,448:53:49,1.21,2e-05
3,40000,0.0075,01:38,245:56:31,1.1,3e-05
4,40000,0.01,01:38,150:10:35,1.08,4e-05
5,40000,0.0125,01:38,97:34:02,1.07,5e-05
6,40000,0.015,01:39,65:36:31,1.05,6e-05
7,40000,0.0175,01:39,45:58:30,1.02,7e-05
8,40000,0.02,01:40,34:07:57,1.01,8e-05
9,40000,0.0225,01:41,26:12:39,1.02,9e-05
10,40000,0.025,01:41,19:34:03,1.03,0.0001
11,40000,0.0275,01:42,15:12:52,1.01,0.0001
12,40000,0.03,01:43,12:57:28,1.02,0.0001
13,40000,0.0325,01:43,11:01:32,1.02,0.0001
14,40000,0.035,01:44,9:03:16,1.01,0.0001
15,40000,0.0375,01:44,8:01:33,0.995,0.0001
16,40000,0.04,01:45,7:17:18,0.998,0.0001
17,40000,0.0425,01:45,6:42:46,1.02,0.0001
18,40000,0.045,01:46,6:23:14,1.02,0.0001
19,40000,0.0475,01:46,6:27:25,1.01,0.0001
20,40000,0.05,01:47,6:32:30,1.01,0.0001
21,40000,0.0525,01:48,7:14:46,0.998,0.0001
22,40000,0.055,01:48,6:45:31,1.01,0.0001
23,40000,0.0575,01:49,7:23:52,1.0,0.0001
24,40000,0.06,01:49,6:49:54,1.02,0.0001
25,40000,0.0625,01:50,6:25:22,1.02,0.0001
26,40000,0.065,02:00,38:52:13,0.989,0.0001
27,40000,0.0675,02:01,28:49:33,0.995,0.0001
28,40000,0.07,02:01,21:11:44,0.991,0.0001
29,40000,0.0725,02:01,16:07:36,0.998,0.0001
30,40000,0.075,02:02,12:18:16,1.0,0.0001
31,40000,0.0775,02:03,13:18:00,0.989,0.0001
32,40000,0.08,02:03,10:35:15,0.984,0.0001
33,40000,0.0825,02:04,8:45:06,0.993,0.0001
34,40000,0.085,02:04,8:09:45,1.02,0.0001
35,40000,0.0875,02:05,6:44:17,1.0,0.0001
36,40000,0.09,02:06,9:58:18,1.02,0.0001
37,40000,0.0925,02:11,23:57:51,0.992,0.0001
38,40000,0.095,02:18,39:11:22,1.0,0.0001
39,40000,0.0975,02:19,30:20:05,0.992,0.0001
40,40000,0.1,02:19,21:58:38,0.998,0.0001
41,40000,0.1025,02:20,16:22:29,0.998,0.0001
42,40000,0.105,02:20,12:42:56,1.01,0.0001
43,40000,0.1075,02:21,12:55:11,1.02,0.0001
44,40000,0.11,02:21,10:05:30,1.01,0.0001
45,40000,0.1125,02:22,8:23:31,1.01,0.0001
46,40000,0.115,02:23,9:12:33,0.991,0.0001
47,40000,0.1175,02:23,7:42:34,0.986,0.0001
48,40000,0.12,02:25,10:26:08,1.02,0.0001
49,40000,0.1225,02:30,24:15:02,0.992,0.0001
50,40000,0.125,02:40,50:55:45,0.998,0.0001
51,40000,0.1275,02:40,36:58:48,1.01,0.0001
52,40000,0.13,02:41,26:56:51,1.02,0.0001
53,40000,0.1325,02:41,19:51:41,0.998,0.0001
54,40000,0.135,02:41,14:49:28,0.992,0.0001
55,40000,0.1375,02:42,11:24:29,1.0,0.0001
56,40000,0.14,02:42,9:18:28,1.01,0.0001
57,40000,0.1425,02:42,7:14:59,1.0,0.0001
58,40000,0.145,02:43,6:18:50,0.991,0.0001
59,40000,0.1475,02:43,5:10:58,1.0,0.0001
60,40000,0.15,02:43,4:53:06,1.01,0.0001
61,40000,0.1525,02:47,14:42:43,0.996,0.0001
62,40000,0.155,02:58,47:54:34,1.0,0.0001
63,40000,0.1575,02:58,34:36:18,0.993,0.0001
64,40000,0.16,02:59,25:12:04,1.0,0.0001
65,40000,0.1625,02:59,18:35:59,0.993,0.0001
66,40000,0.165,02:59,14:02:00,1.02,0.0001
67,40000,0.1675,03:00,11:10:19,0.998,0.0001
68,40000,0.17,03:00,9:10:30,1.0,0.0001
69,40000,0.1725,03:00,7:23:28,0.997,0.0001
70,40000,0.175,03:00,6:07:54,0.99,0.0001
71,40000,0.1775,03:01,5:19:48,1.01,0.0001
72,40000,0.18,03:01,4:42:05,1.01,0.0001
73,40000,0.1825,03:03,9:55:51,1.0,0.0001
74,40000,0.185,03:14,41:56:42,0.99,0.0001
75,40000,0.1875,03:14,30:20:56,0.988,0.0001
76,40000,0.19,03:14,22:32:58,1.01,0.0001
77,40000,0.1925,03:15,16:49:38,1.01,0.0001
78,40000,0.195,03:15,12:45:53,0.991,0.0001
79,40000,0.1975,03:16,11:57:39,0.988,0.0001
80,40000,0.2,03:16,9:39:05,0.988,0.0001
81,40000,0.2025,03:17,7:45:53,0.995,0.0001
82,40000,0.205,03:17,6:25:42,0.99,0.0001
83,40000,0.2075,03:17,5:30:15,0.994,0.0001
84,40000,0.21,03:17,4:51:23,0.995,0.0001
85,40000,0.2125,03:23,21:43:37,0.989,0.0001
86,40000,0.215,03:32,44:24:34,1.0,0.0001
87,40000,0.2175,03:32,32:23:57,0.995,0.0001
88,40000,0.22,03:32,23:42:16,0.991,0.0001
89,40000,0.2225,03:33,17:35:39,0.979,0.0001
90,40000,0.225,03:33,13:19:34,0.995,0.0001
91,40000,0.2275,03:33,10:20:32,1.01,0.0001
92,40000,0.23,03:34,8:30:46,0.986,0.0001
93,40000,0.2325,03:34,6:59:26,0.977,0.0001
94,40000,0.235,03:34,5:55:58,1.01,0.0001
95,40000,0.2375,03:35,5:08:57,0.997,0.0001
96,40000,0.24,03:35,4:52:50,1.0,0.0001
97,40000,0.2425,03:35,4:25:01,0.982,0.0001
98,40000,0.245,03:50,51:18:55,0.987,0.0001
99,40000,0.2475,03:50,37:16:08,1.0,0.0001
100,40000,0.25,03:51,27:07:08,0.988,0.0001
101,40000,0.2525,03:51,20:16:32,1.0,0.0001
102,40000,0.255,03:51,15:12:09,0.972,0.0001
103,40000,0.2575,03:52,11:54:35,0.972,0.0001
104,40000,0.26,03:52,9:21:25,0.979,0.0001
105,40000,0.2625,03:52,7:33:59,0.955,0.0001
106,40000,0.265,03:53,6:19:11,0.974,0.0001
107,40000,0.2675,03:53,5:23:29,0.949,0.0001
108,40000,0.27,03:53,4:29:07,0.975,0.0001
109,40000,0.2725,03:53,4:23:01,0.959,0.0001
110,40000,0.275,04:10,59:15:38,0.954,0.0001
111,40000,0.2775,04:11,42:31:11,0.947,0.0001
112,40000,0.28,04:11,30:45:00,0.945,0.0001
113,40000,0.2825,04:11,22:32:59,0.956,0.0001
114,40000,0.285,04:12,17:22:12,0.949,0.0001
115,40000,0.2875,04:12,13:14:53,0.925,0.0001
116,40000,0.29,04:12,10:30:49,0.945,0.0001
117,40000,0.2925,04:13,8:23:32,0.93,0.0001
118,40000,0.295,04:13,6:53:16,0.939,0.0001
119,40000,0.2975,04:13,5:46:57,0.922,0.0001
120,40000,0.3,04:14,5:04:48,0.908,0.0001
121,40000,0.3025,04:14,4:32:23,0.908,0.0001
122,40000,0.305,04:26,44:23:41,0.905,0.0001
123,40000,0.3075,04:27,32:05:14,0.878,0.0001
124,40000,0.31,04:27,23:45:18,0.877,0.0001
125,40000,0.3125,04:27,17:37:28,0.877,0.0001
126,40000,0.315,04:28,13:19:19,0.868,0.0001
127,40000,0.3175,04:28,10:20:55,0.908,0.0001
128,40000,0.32,04:28,8:16:30,0.859,0.0001
129,40000,0.3225,04:29,6:47:38,0.858,0.0001
130,40000,0.325,04:29,6:01:41,0.863,0.0001
131,40000,0.3275,04:29,5:34:22,0.861,0.0001
132,40000,0.33,04:30,4:54:22,0.845,0.0001
133,40000,0.3325,04:30,4:26:56,0.847,0.0001
134,40000,0.335,04:43,45:14:37,0.832,0.0001
135,40000,0.3375,04:43,33:00:48,0.829,0.0001
136,40000,0.34,04:43,24:24:22,0.822,0.0001
137,40000,0.3425,04:44,18:05:56,0.823,0.0001
138,40000,0.345,04:44,13:43:00,0.83,0.0001
139,40000,0.3475,04:44,10:53:29,0.814,0.0001
140,40000,0.35,04:45,8:39:32,0.799,0.0001
141,40000,0.3525,04:45,7:20:41,0.812,0.0001
142,40000,0.355,04:45,6:07:58,0.782,0.0001
143,40000,0.3575,04:46,5:18:14,0.778,0.0001
144,40000,0.36,04:46,5:02:46,0.771,0.0001
145,40000,0.3625,04:46,4:33:10,0.772,0.0001
146,40000,0.365,05:00,49:42:28,0.788,0.0001
147,40000,0.3675,05:01,35:47:22,0.794,0.0001
148,40000,0.37,05:01,27:19:02,0.763,0.0001
149,40000,0.3725,05:02,20:08:16,0.772,0.0001
150,40000,0.375,05:02,15:05:37,0.782,0.0001
151,40000,0.3775,05:02,11:52:56,0.752,0.0001
152,40000,0.38,05:03,9:19:29,0.737,0.0001
153,40000,0.3825,05:03,7:31:57,0.794,0.0001
154,40000,0.385,05:03,6:17:53,0.76,0.0001
155,40000,0.3875,05:04,5:24:14,0.726,0.0001
156,40000,0.39,05:04,4:44:39,0.735,0.0001
157,40000,0.3925,05:04,4:15:41,0.752,0.0001
158,40000,0.395,05:17,44:10:51,0.726,0.0001
159,40000,0.3975,05:17,32:15:53,0.714,0.0001
160,40000,0.4,05:20,33:14:41,0.702,0.0001
161,40000,0.4025,05:21,24:35:11,0.725,0.0001
162,40000,0.405,05:21,18:12:01,0.697,0.0001
163,40000,0.4075,05:21,14:00:47,0.697,0.0001
164,40000,0.41,05:22,10:49:51,0.682,0.0001
165,40000,0.4125,05:22,8:36:41,0.7,0.0001
166,40000,0.415,05:22,7:17:49,0.713,0.0001
167,40000,0.4175,05:23,6:05:58,0.704,0.0001
168,40000,0.42,05:23,5:17:53,0.68,0.0001
169,40000,0.4225,05:23,4:43:45,0.709,0.0001
170,40000,0.425,05:37,48:46:37,0.675,0.0001
171,40000,0.4275,05:37,35:26:51,0.678,0.0001
172,40000,0.43,05:38,25:50:53,0.669,0.0001
173,40000,0.4325,05:38,19:21:08,0.668,0.0001
174,40000,0.435,05:38,14:34:24,0.662,0.0001
175,40000,0.4375,05:39,11:30:09,0.659,0.0001
176,40000,0.44,05:39,9:03:02,0.65,0.0001
177,40000,0.4425,05:39,7:22:36,0.66,0.0001
178,40000,0.445,05:40,6:09:37,0.638,0.0001
179,40000,0.4475,05:40,5:19:14,0.647,0.0001
180,40000,0.45,05:40,4:41:49,0.614,0.0001
181,40000,0.4525,05:41,4:35:31,0.65,0.0001
182,40000,0.455,05:55,51:21:09,0.623,0.0001
183,40000,0.4575,05:56,37:17:21,0.625,0.0001
184,40000,0.46,05:56,27:22:12,0.626,0.0001
185,40000,0.4625,05:56,20:10:41,0.663,0.0001
186,40000,0.465,05:57,15:27:06,0.668,0.0001
187,40000,0.4675,05:57,11:49:48,0.624,0.0001
188,40000,0.47,05:57,9:33:33,0.603,0.0001
189,40000,0.4725,05:58,7:42:59,0.608,0.0001
190,40000,0.475,05:58,6:26:40,0.601,0.0001
191,40000,0.4775,05:58,5:45:36,0.622,0.0001
192,40000,0.48,05:59,5:05:33,0.618,0.0001
193,40000,0.4825,06:01,10:30:22,0.598,0.0001
194,40000,0.485,06:13,47:48:17,0.611,0.0001
195,40000,0.4875,06:13,34:29:31,0.593,0.0001
196,40000,0.49,06:14,25:09:47,0.591,0.0001
197,40000,0.4925,06:14,18:36:10,0.58,0.0001
198,40000,0.495,06:14,14:19:56,0.577,0.0001
199,40000,0.4975,06:15,11:01:50,0.598,0.0001
200,40000,0.5,06:15,8:59:26,0.602,0.0001
201,40000,0.5025,06:15,7:18:23,0.584,0.0001
202,40000,0.505,06:16,6:07:48,0.561,0.0001
203,40000,0.5075,06:16,5:18:27,0.563,0.0001
204,40000,0.51,06:16,4:42:21,0.565,0.0001
205,40000,0.5125,06:18,9:35:18,0.558,0.0001
206,40000,0.515,06:29,43:28:53,0.565,0.0001
207,40000,0.5175,06:29,31:26:01,0.565,0.0001
208,40000,0.52,06:30,22:45:11,0.573,0.0001
209,40000,0.5225,06:30,16:53:26,0.561,0.0001
210,40000,0.525,06:30,12:48:00,0.544,0.0001
211,40000,0.5275,06:31,9:55:12,0.57,0.0001
212,40000,0.53,06:31,7:55:06,0.553,0.0001
213,40000,0.5325,06:31,6:16:42,0.552,0.0001
214,40000,0.535,06:31,5:39:45,0.547,0.0001
215,40000,0.5375,06:32,5:01:38,0.554,0.0001
216,40000,0.54,06:32,4:45:43,0.506,0.0001
217,40000,0.5425,06:34,10:57:43,0.58,0.0001
218,40000,0.545,06:45,43:31:21,0.543,0.0001
219,40000,0.5475,06:46,31:30:06,0.572,0.0001
220,40000,0.55,06:46,23:17:07,0.556,0.0001
221,40000,0.5525,06:46,17:19:18,0.533,0.0001
222,40000,0.555,06:47,13:06:39,0.52,0.0001
223,40000,0.5575,06:47,9:54:44,0.53,0.0001
224,40000,0.56,06:47,8:10:17,0.493,0.0001
225,40000,0.5625,06:47,6:46:24,0.499,0.0001
226,40000,0.565,06:48,6:03:46,0.49,0.0001
227,40000,0.5675,06:48,5:15:32,0.482,0.0001
228,40000,0.57,06:48,4:39:08,0.494,0.0001
229,40000,0.5725,06:49,4:36:02,0.5,0.0001
230,40000,0.575,07:02,48:19:48,0.504,0.0001
231,40000,0.5775,07:03,35:03:40,0.5,0.0001
232,40000,0.58,07:03,25:34:01,0.528,0.0001
233,40000,0.5825,07:03,18:55:14,0.492,0.0001
234,40000,0.585,07:04,14:12:41,0.473,0.0001
235,40000,0.5875,07:04,10:57:14,0.515,0.0001
236,40000,0.59,07:04,8:39:22,0.491,0.0001
237,40000,0.5925,07:05,7:03:14,0.478,0.0001
238,40000,0.595,07:05,5:54:19,0.463,0.0001
239,40000,0.5975,07:05,5:05:57,0.47,0.0001
240,40000,0.6,07:05,4:19:55,0.49,0.0001
241,40000,0.6025,07:06,4:15:43,0.503,0.0001
242,40000,0.605,07:19,47:03:53,0.47,0.0001
243,40000,0.6075,07:19,34:00:25,0.476,0.0001
244,40000,0.61,07:20,24:46:20,0.466,0.0001
245,40000,0.6125,07:20,18:16:50,0.473,0.0001
246,40000,0.615,07:20,13:31:58,0.448,0.0001
247,40000,0.6175,07:21,10:26:03,0.501,0.0001
248,40000,0.62,07:21,8:18:03,0.426,0.0001
249,40000,0.6225,07:21,7:04:49,0.456,0.0001
250,40000,0.625,07:22,6:00:33,0.487,0.0001
251,40000,0.6275,07:22,5:13:39,0.458,0.0001
252,40000,0.63,07:22,4:53:49,0.517,0.0001
253,40000,0.6325,07:22,4:25:22,0.432,0.0001
254,40000,0.635,07:35,44:13:51,0.445,0.0001
255,40000,0.6375,07:35,32:15:17,0.446,0.0001
256,40000,0.64,07:36,23:37:55,0.452,0.0001
257,40000,0.6425,07:36,17:48:11,0.445,0.0001
258,40000,0.645,07:36,13:28:18,0.435,0.0001
259,40000,0.6475,07:37,10:27:03,0.442,0.0001
260,40000,0.65,07:37,8:18:41,0.452,0.0001
261,40000,0.6525,07:37,7:03:52,0.429,0.0001
262,40000,0.655,07:38,5:58:19,0.457,0.0001
263,40000,0.6575,07:38,5:11:23,0.421,0.0001
264,40000,0.66,07:38,4:36:38,0.444,0.0001
265,40000,0.6625,07:39,4:14:07,0.453,0.0001
266,40000,0.665,07:49,37:05:08,0.423,0.0001
267,40000,0.6675,07:50,30:37:29,0.425,0.0001
268,40000,0.67,07:51,23:05:14,0.427,0.0001
269,40000,0.6725,07:51,17:26:28,0.442,0.0001
270,40000,0.675,07:51,13:13:12,0.38,0.0001
271,40000,0.6775,07:52,10:15:50,0.401,0.0001
272,40000,0.68,07:52,8:26:47,0.441,0.0001
273,40000,0.6825,07:52,6:56:58,0.386,0.0001
274,40000,0.685,07:53,6:10:32,0.451,0.0001
275,40000,0.6875,07:53,5:20:18,0.377,0.0001
276,40000,0.69,07:53,4:42:48,0.377,0.0001
277,40000,0.6925,07:54,4:19:10,0.392,0.0001
278,40000,0.695,08:09,52:39:58,0.403,0.0001
279,40000,0.6975,08:09,38:09:12,0.414,0.0001
280,40000,0.7,08:09,27:59:48,0.418,0.0001
281,40000,0.7025,08:10,20:38:54,0.367,0.0001
282,40000,0.705,08:10,15:44:11,0.391,0.0001
283,40000,0.7075,08:11,12:03:01,0.415,0.0001
284,40000,0.71,08:11,9:43:42,0.409,0.0001
285,40000,0.7125,08:11,7:49:27,0.397,0.0001
286,40000,0.715,08:12,6:27:49,0.37,0.0001
287,40000,0.7175,08:12,5:31:23,0.416,0.0001
288,40000,0.72,08:12,4:50:04,0.344,0.0001
289,40000,0.7225,08:13,4:42:37,0.38,0.0001
290,40000,0.725,08:30,60:15:08,0.398,0.0001
291,40000,0.7275,08:30,43:07:31,0.366,0.0001
292,40000,0.73,08:30,31:12:10,0.356,0.0001
293,40000,0.7325,08:31,22:34:12,0.35,0.0001
294,40000,0.735,08:31,16:46:24,0.345,0.0001
295,40000,0.7375,08:31,12:44:05,0.374,0.0001
296,40000,0.74,08:31,9:55:28,0.369,0.0001
297,40000,0.7425,08:32,7:49:35,0.333,0.0001
298,40000,0.745,08:32,6:12:44,0.388,0.0001
299,40000,0.7475,08:32,5:21:15,0.352,0.0001
300,40000,0.75,08:33,4:41:52,0.356,0.0001
301,40000,0.7525,08:33,4:17:03,0.328,0.0001
302,40000,0.755,08:49,55:54:22,0.332,0.0001
303,40000,0.7575,08:49,39:47:15,0.353,0.0001
304,40000,0.76,08:49,28:18:48,0.325,0.0001
305,40000,0.7625,08:49,20:26:20,0.379,0.0001
306,40000,0.765,08:50,14:57:45,0.332,0.0001
307,40000,0.7675,08:50,11:09:04,0.374,0.0001
308,40000,0.77,08:50,8:40:36,0.314,0.0001
309,40000,0.7725,08:50,6:47:47,0.326,0.0001
310,40000,0.775,08:50,5:41:34,0.324,0.0001
311,40000,0.7775,08:51,4:41:46,0.34,0.0001
312,40000,0.78,08:51,4:14:44,0.332,0.0001
313,40000,0.7825,08:51,3:58:25,0.312,0.0001
314,40000,0.785,09:04,45:07:20,0.322,0.0001
315,40000,0.7875,09:04,32:18:33,0.322,0.0001
316,40000,0.79,09:05,23:51:12,0.346,0.0001
317,40000,0.7925,09:05,17:42:19,0.296,0.0001
318,40000,0.795,09:05,13:40:58,0.331,0.0001
319,40000,0.7975,09:06,10:34:10,0.336,0.0001
320,40000,0.8,09:06,8:29:51,0.296,0.0001
321,40000,0.8025,09:06,6:54:41,0.304,0.0001
322,40000,0.805,09:07,5:48:35,0.344,0.0001
323,40000,0.8075,09:07,5:05:51,0.3,0.0001
324,40000,0.81,09:07,4:48:39,0.338,0.0001
325,40000,0.8125,09:08,4:24:37,0.363,0.0001
326,40000,0.815,09:20,44:03:05,0.314,0.0001
327,40000,0.8175,09:20,31:52:20,0.32,0.0001
328,40000,0.82,09:21,23:37:48,0.344,0.0001
329,40000,0.8225,09:21,17:51:00,0.339,0.0001
330,40000,0.825,09:21,13:31:02,0.287,0.0001
331,40000,0.8275,09:22,10:25:17,0.359,0.0001
332,40000,0.83,09:22,7:59:01,0.293,0.0001
333,40000,0.8325,09:22,6:29:41,0.29,0.0001
334,40000,0.835,09:22,5:15:43,0.347,0.0001
335,40000,0.8375,09:23,4:37:52,0.289,0.0001
336,40000,0.84,09:23,3:58:26,0.293,0.0001
337,40000,0.8425,09:23,4:00:58,0.294,0.0001
338,40000,0.845,09:38,51:49:54,0.341,0.0001
339,40000,0.8475,09:38,37:13:51,0.291,0.0001
340,40000,0.85,09:39,27:03:40,0.271,0.0001
341,40000,0.8525,09:39,19:53:51,0.308,0.0001
342,40000,0.855,09:39,14:38:17,0.284,0.0001
343,40000,0.8575,09:39,11:09:06,0.291,0.0001
344,40000,0.86,09:40,8:33:09,0.301,0.0001
345,40000,0.8625,09:40,6:57:13,0.269,0.0001
346,40000,0.865,09:40,5:52:28,0.305,0.0001
347,40000,0.8675,09:41,5:24:32,0.273,0.0001
348,40000,0.87,09:41,4:45:37,0.268,0.0001
349,40000,0.8725,09:41,4:00:10,0.271,0.0001
350,40000,0.875,09:52,38:27:54,0.292,0.0001
351,40000,0.8775,09:52,27:57:19,0.332,0.0001
352,40000,0.88,09:53,20:34:42,0.299,0.0001
353,40000,0.8825,09:53,15:23:48,0.275,0.0001
354,40000,0.885,09:53,11:43:51,0.271,0.0001
355,40000,0.8875,09:54,9:10:47,0.291,0.0001
356,40000,0.89,09:54,7:25:06,0.253,0.0001
357,40000,0.8925,09:54,6:13:33,0.307,0.0001
358,40000,0.895,09:55,5:38:35,0.292,0.0001
359,40000,0.8975,09:55,4:59:18,0.247,0.0001
360,40000,0.9,09:55,4:26:20,0.26,0.0001
361,40000,0.9025,09:55,4:06:14,0.289,0.0001
362,40000,0.905,10:08,43:13:05,0.281,0.0001
363,40000,0.9075,10:08,31:14:44,0.256,0.0001
364,40000,0.91,10:08,22:49:51,0.258,0.0001
365,40000,0.9125,10:09,16:57:27,0.252,0.0001
366,40000,0.915,10:09,12:49:20,0.261,0.0001
367,40000,0.9175,10:09,10:02:45,0.245,0.0001
368,40000,0.92,10:09,8:16:26,0.286,0.0001
369,40000,0.9225,10:10,6:48:06,0.24,0.0001
370,40000,0.925,10:10,5:47:16,0.244,0.0001
371,40000,0.9275,10:11,5:23:24,0.232,0.0001
372,40000,0.93,10:11,5:00:57,0.244,0.0001
373,40000,0.9325,10:11,4:31:38,0.236,0.0001
374,40000,0.935,10:26,53:24:05,0.232,0.0001
375,40000,0.9375,10:27,38:24:28,0.257,0.0001
376,40000,0.94,10:27,28:06:50,0.26,0.0001
377,40000,0.9425,10:27,20:44:30,0.235,0.0001
378,40000,0.945,10:28,15:49:17,0.236,0.0001
379,40000,0.9475,10:28,12:19:52,0.25,0.0001
380,40000,0.95,10:29,9:41:22,0.237,0.0001
381,40000,0.9525,10:29,7:43:13,0.235,0.0001
382,40000,0.955,10:29,6:07:36,0.23,0.0001
383,40000,0.9575,10:30,6:51:57,0.218,0.0001
384,40000,0.96,10:30,5:52:01,0.292,0.0001
385,40000,0.9625,10:31,5:23:44,0.22,0.0001
386,40000,0.965,10:44,46:41:34,0.24,0.0001
387,40000,0.9675,10:44,33:43:01,0.231,0.0001
388,40000,0.97,10:44,24:34:21,0.213,0.0001
389,40000,0.9725,10:44,18:11:22,0.239,0.0001
390,40000,0.975,10:45,13:38:48,0.203,0.0001
391,40000,0.9775,10:45,10:34:12,0.243,0.0001
392,40000,0.98,10:45,8:24:22,0.224,0.0001
393,40000,0.9825,10:46,6:52:47,0.205,0.0001
394,40000,0.985,10:46,5:46:59,0.228,0.0001
395,40000,0.9875,10:47,9:18:24,0.211,0.0001
396,40000,0.99,10:48,7:34:33,0.232,0.0001
397,40000,0.9925,10:48,6:32:47,0.237,0.0001
398,40000,0.995,11:00,44:31:28,0.215,0.0001
399,40000,0.9975,11:01,32:29:41,0.256,0.0001
400,40000,1.0,11:01,24:02:50,0.253,0.0001
401,40000,1.0025,11:01,18:09:09,0.208,0.0001
402,40000,1.005,11:02,13:44:58,0.261,0.0001
403,40000,1.0075,11:02,10:39:10,0.228,0.0001
404,40000,1.01,11:03,8:44:31,0.202,0.0001
405,40000,1.0125,11:03,7:07:10,0.213,0.0001
406,40000,1.015,11:03,5:59:54,0.208,0.0001
407,40000,1.0175,11:03,5:10:51,0.269,0.0001
408,40000,1.02,11:04,4:16:49,0.206,0.0001
409,40000,1.0225,11:04,3:58:45,0.22,0.0001
410,40000,1.025,11:18,49:16:34,0.193,0.0001
411,40000,1.0275,11:18,35:28:22,0.214,0.0001
412,40000,1.03,11:19,25:49:41,0.269,0.0001
413,40000,1.0325,11:19,19:02:37,0.177,0.0001
414,40000,1.035,11:19,14:21:31,0.217,0.0001
415,40000,1.0375,11:20,11:00:48,0.202,0.0001
416,40000,1.04,11:20,8:41:25,0.196,0.0001
417,40000,1.0425,11:20,7:04:31,0.209,0.0001
418,40000,1.045,11:20,5:56:58,0.229,0.0001
419,40000,1.0475,11:21,5:08:44,0.194,0.0001
420,40000,1.05,11:21,4:53:53,0.194,0.0001
421,40000,1.0525,11:21,4:28:37,0.191,0.0001
422,40000,1.055,11:37,55:51:09,0.197,0.0001
423,40000,1.0575,11:38,39:49:38,0.205,0.0001
424,40000,1.06,11:38,29:08:32,0.197,0.0001
425,40000,1.0625,11:38,21:05:15,0.202,0.0001
426,40000,1.065,11:39,15:45:10,0.213,0.0001
427,40000,1.0675,11:39,12:02:27,0.202,0.0001
428,40000,1.07,11:39,9:23:32,0.207,0.0001
429,40000,1.0725,11:39,7:34:34,0.203,0.0001
430,40000,1.075,11:40,6:53:18,0.204,0.0001
431,40000,1.0775,11:40,5:49:20,0.241,0.0001
432,40000,1.08,11:41,5:06:48,0.238,0.0001
433,40000,1.0825,11:41,4:35:09,0.21,0.0001
434,40000,1.085,11:56,51:37:52,0.214,0.0001
435,40000,1.0875,11:56,36:51:27,0.193,0.0001
436,40000,1.09,11:56,26:47:45,0.205,0.0001
437,40000,1.0925,11:56,19:59:48,0.212,0.0001
438,40000,1.095,11:57,15:00:59,0.202,0.0001
439,40000,1.0975,11:57,11:30:08,0.218,0.0001
440,40000,1.1,11:57,9:20:34,0.16,0.0001
441,40000,1.1025,11:58,7:31:11,0.204,0.0001
442,40000,1.105,11:58,6:15:31,0.197,0.0001
443,40000,1.1075,11:58,5:05:26,0.186,0.0001
444,40000,1.11,11:58,4:15:38,0.193,0.0001
445,40000,1.1125,11:59,3:55:11,0.215,0.0001
446,40000,1.115,12:14,52:48:48,0.207,0.0001
447,40000,1.1175,12:14,37:59:59,0.212,0.0001
448,40000,1.12,12:15,27:34:01,0.205,0.0001
449,40000,1.1225,12:15,20:16:22,0.165,0.0001
450,40000,1.125,12:15,15:28:44,0.19,0.0001
451,40000,1.1275,12:16,11:49:29,0.179,0.0001
452,40000,1.13,12:16,9:01:06,0.162,0.0001
453,40000,1.1325,12:16,7:17:10,0.219,0.0001
454,40000,1.135,12:16,6:05:07,0.166,0.0001
455,40000,1.1375,12:17,5:14:15,0.182,0.0001
456,40000,1.14,12:17,4:56:56,0.208,0.0001
457,40000,1.1425,12:17,4:30:48,0.152,0.0001
458,40000,1.145,12:30,44:58:37,0.176,0.0001
459,40000,1.1475,12:30,32:46:44,0.214,0.0001
460,40000,1.15,12:31,23:40:14,0.19,0.0001
461,40000,1.1525,12:31,17:50:54,0.207,0.0001
462,40000,1.155,12:31,13:28:01,0.196,0.0001
463,40000,1.1575,12:32,10:23:42,0.185,0.0001
464,40000,1.16,12:32,8:14:20,0.197,0.0001
465,40000,1.1625,12:32,6:46:52,0.201,0.0001
466,40000,1.165,12:33,5:45:35,0.198,0.0001
467,40000,1.1675,12:33,5:01:20,0.2,0.0001
468,40000,1.17,12:33,4:28:20,0.165,0.0001
469,40000,1.1725,12:33,4:07:44,0.206,0.0001
470,40000,1.175,12:47,47:00:19,0.205,0.0001
471,40000,1.1775,12:47,33:54:33,0.181,0.0001
472,40000,1.18,12:47,24:42:04,0.184,0.0001
473,40000,1.1825,12:48,18:00:38,0.164,0.0001
474,40000,1.185,12:48,13:36:30,0.218,0.0001
475,40000,1.1875,12:48,10:46:12,0.203,0.0001
476,40000,1.19,12:49,8:33:04,0.21,0.0001
477,40000,1.1925,12:49,7:16:50,0.176,0.0001
478,40000,1.195,12:49,6:11:30,0.231,0.0001
479,40000,1.1975,12:50,5:56:20,0.225,0.0001
480,40000,1.2,12:50,5:29:59,0.19,0.0001
481,40000,1.2025,12:51,5:05:39,0.196,0.0001
482,40000,1.205,13:06,52:40:26,0.162,0.0001
483,40000,1.2075,13:06,38:07:35,0.184,0.0001
484,40000,1.21,13:06,27:41:22,0.158,0.0001
485,40000,1.2125,13:07,20:22:28,0.155,0.0001
486,40000,1.215,13:07,15:13:53,0.174,0.0001
487,40000,1.2175,13:07,11:41:55,0.144,0.0001
488,40000,1.22,13:07,9:10:31,0.144,0.0001
489,40000,1.2225,13:08,7:05:27,0.15,0.0001
490,40000,1.225,13:08,6:14:47,0.179,0.0001
491,40000,1.2275,13:08,5:22:38,0.167,0.0001
492,40000,1.23,13:09,4:43:44,0.166,0.0001
493,40000,1.2325,13:09,4:21:58,0.159,0.0001
494,40000,1.235,13:22,45:28:42,0.169,0.0001
495,40000,1.2375,13:22,33:07:08,0.165,0.0001
496,40000,1.24,13:23,24:13:32,0.199,0.0001
497,40000,1.2425,13:23,17:55:19,0.172,0.0001
498,40000,1.245,13:23,13:31:06,0.167,0.0001
499,40000,1.2475,13:23,10:29:19,0.183,0.0001
500,40000,1.25,13:24,8:19:26,0.16,0.0001
501,40000,1.2525,13:24,6:51:52,0.175,0.0001
502,40000,1.255,13:24,6:01:23,0.183,0.0001
503,40000,1.2575,13:25,5:14:14,0.191,0.0001
504,40000,1.26,13:25,4:36:43,0.165,0.0001
505,40000,1.2625,13:25,4:13:41,0.13,0.0001
506,40000,1.265,13:38,44:06:16,0.14,0.0001
507,40000,1.2675,13:38,31:54:29,0.167,0.0001
508,40000,1.27,13:38,23:20:05,0.162,0.0001
509,40000,1.2725,13:39,17:37:49,0.154,0.0001
510,40000,1.275,13:39,13:17:59,0.164,0.0001
511,40000,1.2775,13:39,10:19:35,0.173,0.0001
512,40000,1.28,13:40,8:12:07,0.156,0.0001
513,40000,1.2825,13:40,7:00:37,0.132,0.0001
514,40000,1.285,13:41,6:16:46,0.144,0.0001
515,40000,1.2875,13:41,5:24:51,0.147,0.0001
516,40000,1.29,13:41,5:02:06,0.16,0.0001
517,40000,1.2925,13:42,4:31:05,0.156,0.0001
518,40000,1.295,13:56,50:14:50,0.148,0.0001
519,40000,1.2975,13:56,36:09:48,0.161,0.0001
520,40000,1.3,13:56,25:59:01,0.156,0.0001
521,40000,1.3025,13:57,18:50:51,0.143,0.0001
522,40000,1.305,13:57,13:50:51,0.177,0.0001
523,40000,1.3075,13:57,10:21:35,0.167,0.0001
524,40000,1.31,13:57,7:55:14,0.134,0.0001
525,40000,1.3125,13:57,6:45:50,0.175,0.0001
526,40000,1.315,13:58,5:29:37,0.131,0.0001
527,40000,1.3175,13:58,4:49:00,0.15,0.0001
528,40000,1.32,13:58,4:17:21,0.159,0.0001
529,40000,1.3225,13:59,3:45:21,0.165,0.0001
530,40000,1.325,14:09,37:28:49,0.147,0.0001
531,40000,1.3275,14:10,27:30:34,0.148,0.0001
532,40000,1.33,14:10,20:15:25,0.171,0.0001
533,40000,1.3325,14:10,15:26:51,0.142,0.0001
534,40000,1.335,14:11,12:10:50,0.14,0.0001
535,40000,1.3375,14:11,9:46:05,0.143,0.0001
536,40000,1.34,14:11,7:51:30,0.169,0.0001
537,40000,1.3425,14:12,6:50:21,0.162,0.0001
538,40000,1.345,14:12,6:04:25,0.152,0.0001
539,40000,1.3475,14:12,5:16:48,0.148,0.0001
540,40000,1.35,14:13,4:42:35,0.159,0.0001
541,40000,1.3525,14:13,4:15:22,0.143,0.0001
542,40000,1.355,14:30,59:14:03,0.138,0.0001
543,40000,1.3575,14:30,42:27:45,0.144,0.0001
544,40000,1.36,14:31,30:39:19,0.137,0.0001
545,40000,1.3625,14:31,22:07:40,0.149,0.0001
546,40000,1.365,14:31,16:10:38,0.156,0.0001
547,40000,1.3675,14:31,12:12:28,0.135,0.0001
548,40000,1.37,14:32,9:00:53,0.126,0.0001
549,40000,1.3725,14:32,7:10:00,0.169,0.0001
550,40000,1.375,14:32,5:45:05,0.13,0.0001
551,40000,1.3775,14:32,4:56:40,0.151,0.0001
552,40000,1.38,14:33,4:30:29,0.194,0.0001
553,40000,1.3825,14:33,4:23:20,0.186,0.0001
554,40000,1.385,14:50,59:34:41,0.151,0.0001
555,40000,1.3875,14:50,59:34:35,0.169,0.0001
556,40000,1.39,14:50,32:38:37,0.164,0.0001
557,40000,1.3925,14:51,24:50:57,0.137,0.0001
558,40000,1.395,14:51,18:53:47,0.154,0.0001
559,40000,1.3975,14:51,14:23:09,0.157,0.0001
560,40000,1.4,14:51,10:57:10,0.198,0.0001
561,40000,1.4025,14:51,8:28:00,0.16,0.0001
562,40000,1.405,14:52,6:40:44,0.12,0.0001
563,40000,1.4075,14:52,5:53:46,0.129,0.0001
564,40000,1.41,14:52,5:08:31,0.198,0.0001
565,40000,1.4125,14:53,4:34:48,0.136,0.0001
566,40000,1.415,15:05,43:42:06,0.148,0.0001
567,40000,1.4175,15:05,31:39:06,0.145,0.0001
568,40000,1.42,15:06,23:08:29,0.216,0.0001
569,40000,1.4225,15:06,17:09:00,0.131,0.0001
570,40000,1.425,15:06,12:43:38,0.126,0.0001
571,40000,1.4275,15:06,9:37:38,0.129,0.0001
572,40000,1.43,15:06,7:24:13,0.13,0.0001
573,40000,1.4325,15:07,6:03:27,0.164,0.0001
574,40000,1.435,15:07,4:58:14,0.186,0.0001
575,40000,1.4375,15:07,4:24:16,0.127,0.0001
576,40000,1.44,15:08,4:06:21,0.112,0.0001
577,40000,1.4425,15:08,3:52:55,0.144,0.0001
578,40000,1.445,15:22,50:19:00,0.145,0.0001
579,40000,1.4475,15:23,35:51:43,0.155,0.0001
580,40000,1.45,15:23,25:45:09,0.185,0.0001
581,40000,1.4525,15:23,18:41:36,0.157,0.0001
582,40000,1.455,15:23,13:43:28,0.129,0.0001
583,40000,1.4575,15:23,10:15:48,0.123,0.0001
584,40000,1.46,15:24,7:55:21,0.125,0.0001
585,40000,1.4625,15:24,6:31:06,0.145,0.0001
586,40000,1.465,15:24,5:33:08,0.108,0.0001
587,40000,1.4675,15:24,4:48:07,0.123,0.0001
588,40000,1.47,15:25,4:06:39,0.137,0.0001
589,40000,1.4725,15:25,4:05:53,0.111,0.0001
590,40000,1.475,15:36,39:58:24,0.141,0.0001
591,40000,1.4775,15:37,29:01:54,0.118,0.0001
592,40000,1.48,15:37,21:33:47,0.141,0.0001
593,40000,1.4825,15:37,16:09:17,0.142,0.0001
594,40000,1.485,15:38,12:15:27,0.172,0.0001
595,40000,1.4875,15:38,9:32:55,0.126,0.0001
596,40000,1.49,15:38,7:41:25,0.137,0.0001
597,40000,1.4925,15:39,6:22:09,0.166,0.0001
598,40000,1.495,15:39,5:23:35,0.121,0.0001
599,40000,1.4975,15:39,4:49:58,0.129,0.0001
600,40000,1.5,15:40,4:39:16,0.126,0.0001
601,40000,1.5025,15:40,4:34:17,0.124,0.0001
602,40000,1.505,15:54,49:34:16,0.14,0.0001
603,40000,1.5075,15:54,35:40:28,0.107,0.0001
604,40000,1.51,15:55,25:57:00,0.139,0.0001
605,40000,1.5125,15:55,19:23:41,0.156,0.0001
606,40000,1.515,15:55,14:34:32,0.133,0.0001
607,40000,1.5175,15:56,11:10:27,0.121,0.0001
608,40000,1.52,15:56,8:31:16,0.118,0.0001
609,40000,1.5225,15:56,6:53:35,0.159,0.0001
610,40000,1.525,15:56,5:49:59,0.138,0.0001
611,40000,1.5275,15:57,5:02:34,0.157,0.0001
612,40000,1.53,15:57,4:30:54,0.105,0.0001
613,40000,1.5325,15:57,3:54:16,0.139,0.0001
614,40000,1.535,16:11,46:42:32,0.113,0.0001
615,40000,1.5375,16:11,33:42:19,0.135,0.0001
616,40000,1.54,16:11,24:30:51,0.12,0.0001
617,40000,1.5425,16:12,18:07:05,0.154,0.0001
618,40000,1.545,16:12,13:38:54,0.125,0.0001
619,40000,1.5475,16:12,10:17:08,0.126,0.0001
620,40000,1.55,16:12,8:10:38,0.121,0.0001
621,40000,1.5525,16:13,6:40:26,0.0957,0.0001
622,40000,1.555,16:13,5:43:09,0.153,0.0001
623,40000,1.5575,16:13,5:13:19,0.134,0.0001
624,40000,1.56,16:14,4:41:16,0.109,0.0001
625,40000,1.5625,16:14,4:14:40,0.177,0.0001
626,40000,1.565,16:26,41:39:43,0.107,0.0001
627,40000,1.5675,16:26,30:12:45,0.127,0.0001
628,40000,1.57,16:26,22:06:48,0.167,0.0001
629,40000,1.5725,16:27,16:27:45,0.146,0.0001
630,40000,1.575,16:27,12:29:38,0.106,0.0001
631,40000,1.5775,16:27,9:44:59,0.169,0.0001
632,40000,1.58,16:28,7:46:54,0.121,0.0001
633,40000,1.5825,16:28,6:24:09,0.117,0.0001
634,40000,1.585,16:28,5:29:04,0.154,0.0001
635,40000,1.5875,16:28,4:48:36,0.15,0.0001
636,40000,1.59,16:29,4:24:55,0.185,0.0001
637,40000,1.5925,16:29,4:24:32,0.129,0.0001
638,40000,1.595,16:40,39:25:13,0.104,0.0001
639,40000,1.5975,16:41,28:38:32,0.122,0.0001
640,40000,1.6,16:41,21:18:30,0.123,0.0001
641,40000,1.6025,16:41,15:56:27,0.129,0.0001
642,40000,1.605,16:42,12:07:11,0.112,0.0001
643,40000,1.6075,16:42,9:30:21,0.134,0.0001
644,40000,1.61,16:42,7:53:59,0.112,0.0001
645,40000,1.6125,16:43,6:32:44,0.125,0.0001
646,40000,1.615,16:43,5:36:13,0.155,0.0001
647,40000,1.6175,16:43,5:09:47,0.136,0.0001
648,40000,1.62,16:44,4:40:31,0.112,0.0001
649,40000,1.6225,16:44,4:35:39,0.133,0.0001
650,40000,1.625,16:55,38:54:29,0.127,0.0001
651,40000,1.6275,16:55,28:13:07,0.142,0.0001
652,40000,1.63,16:55,20:43:53,0.123,0.0001
653,40000,1.6325,16:56,15:29:57,0.144,0.0001
654,40000,1.635,16:56,12:07:19,0.109,0.0001
655,40000,1.6375,16:56,9:30:02,0.127,0.0001
656,40000,1.64,16:57,7:39:14,0.11,0.0001
657,40000,1.6425,17:02,21:48:11,0.104,0.0001
658,40000,1.645,17:02,16:11:22,0.116,0.0001
659,40000,1.6475,17:02,12:03:14,0.121,0.0001
660,40000,1.65,17:03,9:21:59,0.12,0.0001
661,40000,1.6525,17:03,7:31:08,0.117,0.0001
662,40000,1.655,17:09,26:56:50,0.0967,0.0001
663,40000,1.6575,17:10,19:51:25,0.136,0.0001
664,40000,1.66,17:10,15:10:16,0.0998,0.0001
665,40000,1.6625,17:10,11:36:39,0.133,0.0001
666,40000,1.665,17:12,12:41:05,0.124,0.0001
667,40000,1.6675,17:12,10:13:35,0.101,0.0001
668,40000,1.67,17:13,8:09:58,0.128,0.0001
669,40000,1.6725,17:16,18:07:08,0.103,0.0001
670,40000,1.675,17:17,14:01:24,0.105,0.0001
671,40000,1.6775,17:17,10:47:13,0.117,0.0001
672,40000,1.68,17:17,8:29:43,0.129,0.0001
673,40000,1.6825,17:18,6:55:04,0.105,0.0001
674,40000,1.685,17:26,33:02:10,0.126,0.0001
675,40000,1.6875,17:27,24:25:24,0.146,0.0001
676,40000,1.69,17:27,18:06:45,0.144,0.0001
677,40000,1.6925,17:27,13:40:06,0.13,0.0001
678,40000,1.695,17:28,11:13:40,0.101,0.0001
679,40000,1.6975,17:28,9:25:34,0.111,0.0001
680,40000,1.7,17:29,7:36:42,0.145,0.0001
681,40000,1.7025,17:34,22:40:51,0.133,0.0001
682,40000,1.705,17:34,17:10:25,0.117,0.0001
683,40000,1.7075,17:34,12:46:25,0.112,0.0001
684,40000,1.71,17:35,10:11:41,0.119,0.0001
685,40000,1.7125,17:35,8:06:04,0.129,0.0001
686,40000,1.715,17:44,33:34:06,0.111,0.0001
687,40000,1.7175,17:44,24:47:27,0.122,0.0001
688,40000,1.72,17:44,18:37:45,0.0873,0.0001
689,40000,1.7225,17:45,13:46:04,0.149,0.0001
690,40000,1.725,17:45,10:34:55,0.113,0.0001
691,40000,1.7275,17:45,8:23:06,0.119,0.0001
692,40000,1.73,17:46,6:50:59,0.0935,0.0001
693,40000,1.7325,17:51,23:45:07,0.115,0.0001
694,40000,1.735,17:52,17:35:51,0.0949,0.0001
695,40000,1.7375,17:52,13:03:59,0.116,0.0001
696,40000,1.74,17:52,10:03:13,0.11,0.0001
697,40000,1.7425,17:52,8:03:34,0.104,0.0001
698,40000,1.745,18:02,36:03:47,0.0954,0.0001
699,40000,1.7475,18:02,26:12:15,0.103,0.0001
700,40000,1.75,18:02,19:19:29,0.146,0.0001
701,40000,1.7525,18:03,14:16:46,0.104,0.0001
702,40000,1.755,18:03,11:15:09,0.116,0.0001
703,40000,1.7575,18:03,8:54:09,0.156,0.0001
704,40000,1.76,18:04,7:30:03,0.113,0.0001
705,40000,1.7625,18:08,18:01:27,0.111,0.0001
706,40000,1.765,18:08,13:54:44,0.119,0.0001
707,40000,1.7675,18:08,10:27:07,0.121,0.0001
708,40000,1.77,18:09,8:33:04,0.142,0.0001
709,40000,1.7725,18:09,6:56:56,0.107,0.0001
710,40000,1.775,18:19,38:38:42,0.145,0.0001
711,40000,1.7775,18:19,28:04:02,0.116,0.0001
712,40000,1.78,18:20,20:33:21,0.143,0.0001
713,40000,1.7825,18:20,15:22:55,0.125,0.0001
714,40000,1.785,18:20,11:48:16,0.127,0.0001
715,40000,1.7875,18:21,9:29:10,0.156,0.0001
716,40000,1.79,18:21,7:40:53,0.112,0.0001
717,40000,1.7925,18:26,20:24:50,0.108,0.0001
718,40000,1.795,18:26,15:14:57,0.119,0.0001
719,40000,1.7975,18:26,11:39:55,0.105,0.0001
720,40000,1.8,18:27,9:08:52,0.101,0.0001
721,40000,1.8025,18:27,7:22:36,0.139,0.0001
722,40000,1.805,18:31,17:35:25,0.0996,0.0001
723,40000,1.8075,18:31,13:20:57,0.104,0.0001
724,40000,1.81,18:31,10:19:05,0.126,0.0001
725,40000,1.8125,18:32,8:14:02,0.101,0.0001
726,40000,1.815,18:32,6:59:28,0.119,0.0001
727,40000,1.8175,18:34,10:47:05,0.109,0.0001
728,40000,1.82,18:34,8:36:40,0.0984,0.0001
729,40000,1.8225,18:43,36:50:08,0.103,0.0001
730,40000,1.825,18:44,26:40:22,0.0911,0.0001
731,40000,1.8275,18:44,19:38:34,0.106,0.0001
732,40000,1.83,18:44,14:45:13,0.113,0.0001
733,40000,1.8325,18:45,11:17:54,0.125,0.0001
734,40000,1.835,18:46,12:07:57,0.0933,0.0001
735,40000,1.8375,18:46,9:50:33,0.0912,0.0001
736,40000,1.84,18:47,8:09:07,0.084,0.0001
737,40000,1.8425,18:47,6:41:57,0.128,0.0001
738,40000,1.845,18:49,10:17:27,0.129,0.0001
739,40000,1.8475,18:51,13:07:39,0.0992,0.0001
740,40000,1.85,18:51,10:29:58,0.156,0.0001
741,40000,1.8525,18:58,29:50:34,0.0893,0.0001
742,40000,1.855,18:59,25:13:02,0.106,0.0001
743,40000,1.8575,19:00,18:55:55,0.128,0.0001
744,40000,1.86,19:00,14:32:46,0.109,0.0001
745,40000,1.8625,19:00,11:12:00,0.0876,0.0001
746,40000,1.865,19:01,9:24:20,0.149,0.0001
747,40000,1.8675,19:01,8:12:45,0.101,0.0001
748,40000,1.87,19:02,6:44:12,0.127,0.0001
749,40000,1.8725,19:02,5:41:23,0.149,0.0001
750,40000,1.875,19:06,19:06:06,0.149,0.0001
751,40000,1.8775,19:08,19:15:45,0.0936,0.0001
752,40000,1.88,19:09,14:43:30,0.114,0.0001
753,40000,1.8825,19:18,40:45:55,0.132,0.0001
754,40000,1.885,19:18,29:47:39,0.114,0.0001
755,40000,1.8875,19:19,21:35:06,0.0899,0.0001
756,40000,1.89,19:19,16:02:51,0.0871,0.0001
757,40000,1.8925,19:19,12:12:22,0.0987,0.0001
758,40000,1.895,19:19,9:33:32,0.0948,0.0001
759,40000,1.8975,19:20,7:41:41,0.0944,0.0001
760,40000,1.9,19:20,6:36:56,0.138,0.0001
761,40000,1.9025,19:20,5:38:38,0.119,0.0001
762,40000,1.905,19:26,22:35:26,0.112,0.0001
763,40000,1.9075,19:30,26:58:31,0.1,0.0001
764,40000,1.91,19:30,20:26:12,0.123,0.0001
765,40000,1.9125,19:37,35:36:45,0.116,0.0001
766,40000,1.915,19:37,25:56:42,0.134,0.0001
767,40000,1.9175,19:37,19:24:24,0.13,0.0001
768,40000,1.92,19:37,14:17:26,0.108,0.0001
769,40000,1.9225,19:38,11:13:50,0.093,0.0001
770,40000,1.925,19:38,8:52:50,0.0928,0.0001
771,40000,1.9275,19:38,7:13:37,0.0888,0.0001
772,40000,1.93,19:39,6:03:08,0.109,0.0001
773,40000,1.9325,19:39,5:29:42,0.116,0.0001
774,40000,1.935,19:43,17:14:05,0.0927,0.0001
775,40000,1.9375,19:50,33:20:18,0.0973,0.0001
776,40000,1.94,19:50,24:17:01,0.129,0.0001
777,40000,1.9425,19:50,17:43:22,0.107,0.0001
778,40000,1.945,19:54,23:30:00,0.107,0.0001
779,40000,1.9475,19:54,17:25:19,0.117,0.0001
780,40000,1.95,19:54,13:26:35,0.0875,0.0001
781,40000,1.9525,19:55,10:24:23,0.123,0.0001
782,40000,1.955,19:55,8:18:32,0.0909,0.0001
783,40000,1.9575,19:55,7:04:57,0.0843,0.0001
784,40000,1.96,19:56,5:56:36,0.0954,0.0001
785,40000,1.9625,19:56,5:09:56,0.096,0.0001
786,40000,1.965,19:59,13:24:21,0.0902,0.0001
787,40000,1.9675,20:04,24:44:16,0.0982,0.0001
788,40000,1.97,20:04,18:19:36,0.0837,0.0001
789,40000,1.9725,20:08,25:33:29,0.128,0.0001
790,40000,1.975,20:13,35:29:04,0.105,0.0001
791,40000,1.9775,20:13,25:34:51,0.0988,0.0001
792,40000,1.98,20:14,18:49:27,0.138,0.0001
793,40000,1.9825,20:14,14:07:55,0.13,0.0001
794,40000,1.985,20:14,10:52:09,0.11,0.0001
795,40000,1.9875,20:15,8:17:33,0.128,0.0001
796,40000,1.99,20:15,6:46:31,0.114,0.0001
797,40000,1.9925,20:15,5:43:05,0.114,0.0001
798,40000,1.995,20:17,9:58:07,0.119,0.0001
799,40000,1.9975,20:17,8:15:38,0.101,0.0001
800,40000,2.0,20:18,6:46:17,0.11,0.0001
801,40000,2.0025,20:24,26:55:47,0.113,0.0001
802,40000,2.005,20:30,37:26:01,0.0946,0.0001
803,40000,2.0075,20:30,27:12:31,0.0938,0.0001
804,40000,2.01,20:31,19:58:18,0.0994,0.0001
805,40000,2.0125,20:31,14:58:33,0.122,0.0001
806,40000,2.015,20:31,11:32:39,0.114,0.0001
807,40000,2.0175,20:32,9:02:38,0.103,0.0001
808,40000,2.02,20:32,7:16:31,0.114,0.0001
809,40000,2.0225,20:32,6:20:55,0.106,0.0001
810,40000,2.025,20:34,9:44:41,0.085,0.0001
811,40000,2.0275,20:34,7:47:58,0.0952,0.0001
812,40000,2.03,20:35,6:24:59,0.108,0.0001
813,40000,2.0325,20:42,28:58:57,0.125,0.0001
814,40000,2.035,20:47,34:57:28,0.12,0.0001
815,40000,2.0375,20:47,25:48:39,0.102,0.0001
816,40000,2.04,20:47,19:21:35,0.104,0.0001
817,40000,2.0425,20:48,14:31:59,0.0987,0.0001
818,40000,2.045,20:48,11:09:40,0.147,0.0001
819,40000,2.0475,20:48,8:47:53,0.0981,0.0001
820,40000,2.05,20:49,7:08:34,0.094,0.0001
821,40000,2.0525,20:49,5:58:00,0.0948,0.0001
822,40000,2.055,20:54,22:27:55,0.096,0.0001
823,40000,2.0575,20:55,17:02:40,0.118,0.0001
824,40000,2.06,20:55,12:53:23,0.0941,0.0001
825,40000,2.0625,20:59,22:21:20,0.0976,0.0001
826,40000,2.065,21:01,22:52:19,0.0718,0.0001
827,40000,2.0675,21:02,17:16:23,0.0981,0.0001
828,40000,2.07,21:02,13:25:11,0.121,0.0001
829,40000,2.0725,21:03,10:43:11,0.129,0.0001
830,40000,2.075,21:03,8:48:45,0.11,0.0001
831,40000,2.0775,21:03,7:27:18,0.112,0.0001
832,40000,2.08,21:04,6:13:32,0.105,0.0001
833,40000,2.0825,21:04,5:18:16,0.0869,0.0001
834,40000,2.085,21:13,32:24:37,0.106,0.0001
835,40000,2.0875,21:13,24:39:43,0.102,0.0001
836,40000,2.09,21:14,18:16:04,0.0997,0.0001
837,40000,2.0925,21:17,22:12:25,0.131,0.0001
838,40000,2.095,21:19,23:22:38,0.108,0.0001
839,40000,2.0975,21:19,17:22:12,0.108,0.0001
840,40000,2.1,21:20,13:10:19,0.0873,0.0001
841,40000,2.1025,21:20,10:13:50,0.117,0.0001
842,40000,2.105,21:20,8:08:59,0.118,0.0001
843,40000,2.1075,21:21,6:54:41,0.0844,0.0001
844,40000,2.11,21:21,5:49:00,0.1,0.0001
845,40000,2.1125,21:21,5:02:49,0.102,0.0001
846,40000,2.115,21:33,40:25:38,0.124,0.0001
847,40000,2.1175,21:33,29:55:05,0.0902,0.0001
848,40000,2.12,21:33,21:57:40,0.077,0.0001
849,40000,2.1225,21:34,16:40:29,0.126,0.0001
850,40000,2.125,21:39,29:00:06,0.125,0.0001
851,40000,2.1275,21:39,21:33:09,0.0841,0.0001
852,40000,2.13,21:40,16:03:26,0.099,0.0001
853,40000,2.1325,21:40,12:14:33,0.0739,0.0001
854,40000,2.135,21:40,9:31:20,0.0814,0.0001
855,40000,2.1375,21:41,7:23:09,0.0815,0.0001
856,40000,2.14,21:41,5:49:57,0.0764,0.0001
857,40000,2.1425,21:41,5:01:44,0.0835,0.0001
858,40000,2.145,21:48,27:39:23,0.0928,0.0001
859,40000,2.1475,21:49,20:20:46,0.112,0.0001
860,40000,2.15,21:49,15:29:53,0.114,0.0001
861,40000,2.1525,21:49,11:33:51,0.107,0.0001
862,40000,2.155,21:54,22:43:29,0.0876,0.0001
863,40000,2.1575,21:54,17:12:48,0.124,0.0001
864,40000,2.16,21:55,13:01:32,0.129,0.0001
865,40000,2.1625,21:55,10:06:02,0.0943,0.0001
866,40000,2.165,21:58,17:13:31,0.106,0.0001
867,40000,2.1675,21:58,13:17:31,0.0883,0.0001
868,40000,2.17,21:59,10:19:06,0.0866,0.0001
869,40000,2.1725,21:59,8:29:44,0.0795,0.0001
870,40000,2.175,22:05,25:33:01,0.0863,0.0001
871,40000,2.1775,22:06,19:27:18,0.0912,0.0001
872,40000,2.18,22:06,14:20:55,0.085,0.0001
873,40000,2.1825,22:06,11:18:49,0.114,0.0001
874,40000,2.185,22:11,22:35:23,0.0831,0.0001
875,40000,2.1875,22:11,17:04:45,0.101,0.0001
876,40000,2.19,22:11,12:54:56,0.0975,0.0001
877,40000,2.1925,22:12,10:04:11,0.0867,0.0001
878,40000,2.195,22:14,16:10:23,0.0822,0.0001
879,40000,2.1975,22:15,12:20:13,0.0877,0.0001
880,40000,2.2,22:15,9:51:32,0.0987,0.0001
881,40000,2.2025,22:15,7:56:08,0.0879,0.0001
882,40000,2.205,22:26,39:25:46,0.0985,0.0001
883,40000,2.2075,22:26,28:37:10,0.0819,0.0001
884,40000,2.21,22:26,21:00:43,0.0902,0.0001
885,40000,2.2125,22:27,15:40:41,0.104,0.0001
886,40000,2.215,22:29,18:24:39,0.0721,0.0001
887,40000,2.2175,22:29,14:12:49,0.0752,0.0001
888,40000,2.22,22:30,10:57:35,0.0964,0.0001
889,40000,2.2225,22:30,8:56:24,0.0941,0.0001
890,40000,2.225,22:34,19:01:47,0.0843,0.0001
891,40000,2.2275,22:34,14:34:52,0.0815,0.0001
892,40000,2.23,22:35,11:13:13,0.0809,0.0001
893,40000,2.2325,22:35,8:49:56,0.0974,0.0001
894,40000,2.235,22:39,18:14:39,0.0885,0.0001
895,40000,2.2375,22:39,13:44:03,0.1,0.0001
896,40000,2.24,22:39,10:53:35,0.0949,0.0001
897,40000,2.2425,22:40,8:57:45,0.0825,0.0001
898,40000,2.245,22:48,31:21:49,0.078,0.0001
899,40000,2.2475,22:48,23:12:11,0.0841,0.0001
900,40000,2.25,22:48,17:15:06,0.0886,0.0001
901,40000,2.2525,22:49,13:03:04,0.0764,0.0001
902,40000,2.255,22:50,13:01:33,0.128,0.0001
903,40000,2.2575,22:50,10:08:14,0.158,0.0001
904,40000,2.26,22:50,8:20:43,0.0796,0.0001
905,40000,2.2625,22:51,6:53:06,0.0837,0.0001
906,40000,2.265,22:54,15:28:49,0.112,0.0001
907,40000,2.2675,22:54,12:08:18,0.0744,0.0001
908,40000,2.27,22:55,9:31:12,0.0791,0.0001
909,40000,2.2725,22:55,7:39:57,0.0869,0.0001
910,40000,2.275,23:06,42:14:16,0.114,0.0001
911,40000,2.2775,23:07,30:43:56,0.0879,0.0001
912,40000,2.28,23:07,22:12:18,0.0808,0.0001
913,40000,2.2825,23:07,16:32:11,0.131,0.0001
914,40000,2.285,23:08,12:50:41,0.0888,0.0001
915,40000,2.2875,23:08,9:43:02,0.0708,0.0001
916,40000,2.29,23:08,7:28:27,0.0901,0.0001
917,40000,2.2925,23:08,6:09:21,0.107,0.0001
918,40000,2.295,23:11,14:04:59,0.103,0.0001
919,40000,2.2975,23:12,11:05:59,0.114,0.0001
920,40000,2.3,23:12,8:47:45,0.123,0.0001
921,40000,2.3025,23:12,7:08:36,0.086,0.0001
922,40000,2.305,23:22,34:58:13,0.122,0.0001
923,40000,2.3075,23:22,25:25:45,0.118,0.0001
924,40000,2.31,23:22,19:03:46,0.105,0.0001
925,40000,2.3125,23:22,14:02:38,0.13,0.0001
926,40000,2.315,23:23,10:47:42,0.0768,0.0001
927,40000,2.3175,23:23,8:31:58,0.098,0.0001
928,40000,2.32,23:23,6:57:04,0.0785,0.0001
929,40000,2.3225,23:24,5:52:24,0.102,0.0001
930,40000,2.325,23:25,7:21:37,0.0946,0.0001
931,40000,2.3275,23:25,6:22:44,0.0916,0.0001
932,40000,2.33,23:25,5:27:35,0.114,0.0001
933,40000,2.3325,23:26,4:49:25,0.0856,0.0001
934,40000,2.335,23:38,44:45:42,0.0966,0.0001
935,40000,2.3375,23:39,32:52:35,0.0853,0.0001
936,40000,2.34,23:39,23:59:59,0.155,0.0001
937,40000,2.3425,23:39,17:47:39,0.0996,0.0001
938,40000,2.345,23:40,13:26:35,0.0882,0.0001
939,40000,2.3475,23:40,10:24:03,0.0843,0.0001
940,40000,2.35,23:40,8:32:05,0.104,0.0001
941,40000,2.3525,23:41,6:57:18,0.0871,0.0001
942,40000,2.355,23:41,5:53:35,0.108,0.0001
943,40000,2.3575,23:41,5:06:54,0.0706,0.0001
944,40000,2.36,23:42,4:49:08,0.0878,0.0001
945,40000,2.3625,23:42,4:39:57,0.0761,0.0001
946,40000,2.365,23:57,51:06:26,0.0941,0.0001
947,40000,2.3675,23:57,36:45:01,0.126,0.0001
948,40000,2.37,23:57,26:28:11,0.108,0.0001
949,40000,2.3725,23:58,19:30:08,0.12,0.0001
950,40000,2.375,23:58,14:35:51,0.0745,0.0001
951,40000,2.3775,23:58,11:11:20,0.0941,0.0001
952,40000,2.38,23:59,9:05:48,0.113,0.0001
953,40000,2.3825,23:59,7:20:01,0.0918,0.0001
954,40000,2.385,23:59,6:07:31,0.0953,0.0001
955,40000,2.3875,23:59,5:14:22,0.106,0.0001
956,40000,2.39,24:00,4:24:03,0.0681,0.0001
957,40000,2.3925,24:00,4:18:21,0.0805,0.0001
958,40000,2.395,24:15,51:56:29,0.0879,0.0001
959,40000,2.3975,24:15,37:13:08,0.0913,0.0001
960,40000,2.4,24:16,26:43:56,0.0705,0.0001
961,40000,2.4025,24:16,19:23:14,0.0629,0.0001
962,40000,2.405,24:16,14:14:37,0.0901,0.0001
963,40000,2.4075,24:16,10:53:10,0.0972,0.0001
964,40000,2.41,24:17,8:38:59,0.0703,0.0001
965,40000,2.4125,24:17,7:16:05,0.0772,0.0001
966,40000,2.415,24:17,6:06:50,0.0795,0.0001
967,40000,2.4175,24:18,5:31:48,0.078,0.0001
968,40000,2.42,24:18,4:50:59,0.0834,0.0001
969,40000,2.4225,24:18,4:23:02,0.0769,0.0001
970,40000,2.425,24:28,35:37:48,0.0887,0.0001
971,40000,2.4275,24:29,26:12:06,0.0954,0.0001
972,40000,2.43,24:29,19:20:47,0.0679,0.0001
973,40000,2.4325,24:29,14:31:56,0.0966,0.0001
974,40000,2.435,24:30,11:10:23,0.0855,0.0001
975,40000,2.4375,24:30,9:04:05,0.0976,0.0001
976,40000,2.44,24:30,7:21:38,0.0786,0.0001
977,40000,2.4425,24:31,6:26:59,0.113,0.0001
978,40000,2.445,24:31,5:28:48,0.0824,0.0001
979,40000,2.4475,24:31,4:47:17,0.081,0.0001
980,40000,2.45,24:32,4:22:08,0.104,0.0001
981,40000,2.4525,24:32,4:21:08,0.12,0.0001
982,40000,2.455,24:46,49:51:35,0.0832,0.0001
983,40000,2.4575,24:47,36:10:41,0.0806,0.0001
984,40000,2.46,24:47,26:18:33,0.0982,0.0001
985,40000,2.4625,24:47,19:22:36,0.0665,0.0001
986,40000,2.465,24:48,14:50:05,0.0724,0.0001
987,40000,2.4675,24:48,11:23:07,0.0876,0.0001
988,40000,2.47,24:48,8:58:41,0.132,0.0001
989,40000,2.4725,24:49,7:17:07,0.0987,0.0001
990,40000,2.475,24:49,6:04:09,0.124,0.0001
991,40000,2.4775,24:49,5:29:25,0.0645,0.0001
992,40000,2.48,24:50,4:50:12,0.0701,0.0001
993,40000,2.4825,24:50,4:24:34,0.134,0.0001
994,40000,2.485,25:05,51:48:18,0.108,0.0001
995,40000,2.4875,25:05,37:32:29,0.0685,0.0001
996,40000,2.49,25:06,27:35:45,0.0732,0.0001
997,40000,2.4925,25:06,20:17:46,0.0769,0.0001
998,40000,2.495,25:06,15:13:38,0.0722,0.0001
999,40000,2.4975,25:07,11:53:32,0.0927,0.0001
1000,40000,2.5,25:07,9:18:47,0.1,0.0001
1001,40000,2.5025,25:07,7:30:51,0.106,0.0001
1002,40000,2.505,25:08,6:12:17,0.0882,0.0001
1003,40000,2.5075,25:08,5:21:46,0.104,0.0001
1004,40000,2.51,25:08,4:42:23,0.096,0.0001
1005,40000,2.5125,25:09,4:33:14,0.0809,0.0001
1006,40000,2.515,25:25,54:54:46,0.0707,0.0001
1007,40000,2.5175,25:25,39:02:09,0.0838,0.0001
1008,40000,2.52,25:25,28:01:52,0.109,0.0001
1009,40000,2.5225,25:25,20:32:00,0.103,0.0001
1010,40000,2.525,25:26,15:19:57,0.105,0.0001
1011,40000,2.5275,25:26,11:24:22,0.0692,0.0001
1012,40000,2.53,25:26,9:00:17,0.0756,0.0001
1013,40000,2.5325,25:27,7:33:33,0.0849,0.0001
1014,40000,2.535,25:27,6:19:12,0.0846,0.0001
1015,40000,2.5375,25:27,5:22:34,0.0792,0.0001
1016,40000,2.54,25:27,4:45:19,0.0813,0.0001
1017,40000,2.5425,25:28,4:18:31,0.107,0.0001
1018,40000,2.545,25:41,45:31:34,0.101,0.0001
1019,40000,2.5475,25:41,32:53:40,0.101,0.0001
1020,40000,2.55,25:41,23:54:45,0.0845,0.0001
1021,40000,2.5525,25:42,17:27:46,0.0891,0.0001
1022,40000,2.555,25:42,13:10:49,0.0669,0.0001
1023,40000,2.5575,25:42,10:10:06,0.105,0.0001
1024,40000,2.56,25:42,7:50:26,0.0799,0.0001
1025,40000,2.5625,25:43,6:41:35,0.0773,0.0001
1026,40000,2.565,25:43,5:42:39,0.119,0.0001
1027,40000,2.5675,25:43,4:57:51,0.106,0.0001
1028,40000,2.57,25:44,4:24:05,0.0715,0.0001
1029,40000,2.5725,25:44,4:05:50,0.108,0.0001
1030,40000,2.575,25:58,46:40:41,0.0757,0.0001
1031,40000,2.5775,25:58,33:39:44,0.0816,0.0001
1032,40000,2.58,25:58,24:33:34,0.103,0.0001
1033,40000,2.5825,25:58,18:08:35,0.0859,0.0001
1034,40000,2.585,25:59,13:40:51,0.0762,0.0001
1035,40000,2.5875,25:59,10:34:19,0.0767,0.0001
1036,40000,2.59,25:59,8:24:18,0.0801,0.0001
1037,40000,2.5925,26:00,7:05:46,0.0649,0.0001
1038,40000,2.595,26:00,5:41:22,0.085,0.0001
1039,40000,2.5975,26:00,4:56:05,0.0893,0.0001
1040,40000,2.6,26:00,4:09:48,0.0703,0.0001
1041,40000,2.6025,26:01,3:51:58,0.0701,0.0001
1042,40000,2.605,26:15,49:45:18,0.104,0.0001
1043,40000,2.6075,26:16,35:47:11,0.0645,0.0001
1044,40000,2.61,26:16,25:59:44,0.0737,0.0001
1045,40000,2.6125,26:16,18:54:48,0.0967,0.0001
1046,40000,2.615,26:16,14:28:15,0.0816,0.0001
1047,40000,2.6175,26:17,11:06:45,0.0764,0.0001
1048,40000,2.62,26:17,8:44:49,0.12,0.0001
1049,40000,2.6225,26:17,7:07:03,0.0711,0.0001
1050,40000,2.625,26:18,6:00:13,0.0708,0.0001
1051,40000,2.6275,26:18,5:26:09,0.0864,0.0001
1052,40000,2.63,26:18,4:48:07,0.0783,0.0001
1053,40000,2.6325,26:19,4:36:24,0.0723,0.0001
1054,40000,2.635,26:30,39:15:39,0.0957,0.0001
1055,40000,2.6375,26:30,28:30:10,0.101,0.0001
1056,40000,2.64,26:30,20:52:17,0.065,0.0001
1057,40000,2.6425,26:31,15:34:42,0.112,0.0001
1058,40000,2.645,26:34,21:18:56,0.0945,0.0001
1059,40000,2.6475,26:34,16:12:23,0.0963,0.0001
1060,40000,2.65,26:35,12:19:27,0.0749,0.0001
1061,40000,2.6525,26:35,9:34:55,0.0766,0.0001
1062,40000,2.655,26:35,7:42:40,0.0937,0.0001
1063,40000,2.6575,26:36,6:23:53,0.096,0.0001
1064,40000,2.66,26:36,5:43:40,0.062,0.0001
1065,40000,2.6625,26:36,4:59:42,0.085,0.0001
1066,40000,2.665,26:50,47:16:26,0.0737,0.0001
1067,40000,2.6675,26:50,34:09:01,0.062,0.0001
1068,40000,2.67,26:50,24:50:33,0.0922,0.0001
1069,40000,2.6725,26:51,18:40:08,0.0753,0.0001
1070,40000,2.675,26:54,24:05:51,0.0783,0.0001
1071,40000,2.6775,26:54,17:54:03,0.0852,0.0001
1072,40000,2.68,26:55,13:27:55,0.075,0.0001
1073,40000,2.6825,26:55,10:22:31,0.0696,0.0001
1074,40000,2.685,26:55,8:14:57,0.0669,0.0001
1075,40000,2.6875,26:56,6:43:47,0.0818,0.0001
1076,40000,2.69,26:56,5:43:42,0.0573,0.0001
1077,40000,2.6925,26:56,5:15:41,0.0732,0.0001
1078,40000,2.695,27:05,30:37:28,0.0652,0.0001
1079,40000,2.6975,27:05,22:44:26,0.0622,0.0001
1080,40000,2.7,27:05,16:53:06,0.0689,0.0001
1081,40000,2.7025,27:06,12:45:57,0.0815,0.0001
1082,40000,2.705,27:13,31:24:17,0.0934,0.0001
1083,40000,2.7075,27:13,22:53:31,0.11,0.0001
1084,40000,2.71,27:13,16:40:32,0.0782,0.0001
1085,40000,2.7125,27:13,12:21:13,0.116,0.0001
1086,40000,2.715,27:14,9:37:27,0.0761,0.0001
1087,40000,2.7175,27:14,7:41:47,0.0646,0.0001
1088,40000,2.72,27:14,6:19:02,0.0744,0.0001
1089,40000,2.7225,27:14,5:23:36,0.107,0.0001
1090,40000,2.725,27:20,20:17:50,0.0769,0.0001
1091,40000,2.7275,27:20,15:33:12,0.0829,0.0001
1092,40000,2.73,27:20,12:07:18,0.0778,0.0001
1093,40000,2.7325,27:21,9:30:30,0.0953,0.0001
1094,40000,2.735,27:31,40:23:53,0.0788,0.0001
1095,40000,2.7375,27:31,29:12:33,0.0771,0.0001
1096,40000,2.74,27:32,21:23:10,0.084,0.0001
1097,40000,2.7425,27:32,15:38:10,0.0778,0.0001
1098,40000,2.745,27:32,11:58:36,0.0821,0.0001
1099,40000,2.7475,27:32,9:18:14,0.069,0.0001
1100,40000,2.75,27:33,7:28:58,0.078,0.0001
1101,40000,2.7525,27:33,5:53:53,0.0747,0.0001
1102,40000,2.755,27:37,17:26:32,0.115,0.0001
1103,40000,2.7575,27:37,13:13:30,0.11,0.0001
1104,40000,2.76,27:38,10:10:42,0.0952,0.0001
1105,40000,2.7625,27:38,8:23:31,0.0939,0.0001
1106,40000,2.765,27:49,40:32:07,0.122,0.0001
1107,40000,2.7675,27:49,29:26:16,0.0819,0.0001
1108,40000,2.77,27:49,21:54:03,0.0776,0.0001
1109,40000,2.7725,27:50,16:33:39,0.0744,0.0001
1110,40000,2.775,27:50,12:37:29,0.0673,0.0001
1111,40000,2.7775,27:50,9:48:49,0.0811,0.0001
1112,40000,2.78,27:51,8:05:14,0.1,0.0001
1113,40000,2.7825,27:51,6:40:46,0.0569,0.0001
1114,40000,2.785,27:52,6:17:30,0.0802,0.0001
1115,40000,2.7875,27:52,5:39:02,0.0755,0.0001
1116,40000,2.79,27:52,4:56:39,0.107,0.0001
1117,40000,2.7925,27:53,4:25:52,0.0671,0.0001
1118,40000,2.795,28:07,51:02:33,0.082,0.0001
1119,40000,2.7975,28:08,36:26:35,0.0922,0.0001
1120,40000,2.8,28:08,26:25:25,0.068,0.0001
1121,40000,2.8025,28:08,19:09:58,0.0848,0.0001
1122,40000,2.805,28:08,14:05:59,0.0822,0.0001
1123,40000,2.8075,28:09,10:47:22,0.0655,0.0001
1124,40000,2.81,28:09,8:17:08,0.0943,0.0001
1125,40000,2.8125,28:09,6:42:53,0.143,0.0001
1126,40000,2.815,28:11,10:49:23,0.0854,0.0001
1127,40000,2.8175,28:11,8:32:47,0.0821,0.0001
1128,40000,2.82,28:12,6:56:53,0.0786,0.0001
1129,40000,2.8225,28:12,5:35:17,0.0896,0.0001
1130,40000,2.825,28:21,33:20:07,0.0791,0.0001
1131,40000,2.8275,28:21,24:35:29,0.0817,0.0001
1132,40000,2.83,28:22,18:14:10,0.0947,0.0001
1133,40000,2.8325,28:22,13:42:31,0.0685,0.0001
1134,40000,2.835,28:22,10:35:41,0.0843,0.0001
1135,40000,2.8375,28:22,8:20:15,0.0708,0.0001
1136,40000,2.84,28:23,6:34:20,0.0688,0.0001
1137,40000,2.8425,28:23,5:29:11,0.0915,0.0001
1138,40000,2.845,28:27,15:11:18,0.0869,0.0001
1139,40000,2.8475,28:27,11:35:28,0.0669,0.0001
1140,40000,2.85,28:27,9:25:37,0.103,0.0001
1141,40000,2.8525,28:28,7:36:29,0.0824,0.0001
1142,40000,2.855,28:35,28:57:32,0.0792,0.0001
1143,40000,2.8575,28:35,21:12:24,0.0746,0.0001
1144,40000,2.86,28:35,15:48:33,0.0863,0.0001
1145,40000,2.8625,28:36,12:05:22,0.0655,0.0001
1146,40000,2.865,28:36,9:23:50,0.062,0.0001
1147,40000,2.8675,28:36,7:35:14,0.0627,0.0001
1148,40000,2.87,28:37,6:32:47,0.0922,0.0001
1149,40000,2.8725,28:37,5:18:14,0.0845,0.0001
1150,40000,2.875,28:45,29:54:56,0.0739,0.0001
1151,40000,2.8775,28:45,21:53:57,0.0869,0.0001
1152,40000,2.88,28:46,16:16:21,0.0842,0.0001
1153,40000,2.8825,28:46,12:23:21,0.0764,0.0001
1154,40000,2.885,28:51,23:51:52,0.0976,0.0001
1155,40000,2.8875,28:51,17:43:40,0.0824,0.0001
1156,40000,2.89,28:51,13:22:24,0.0657,0.0001
1157,40000,2.8925,28:52,10:36:26,0.061,0.0001
1158,40000,2.895,28:52,8:25:57,0.0677,0.0001
1159,40000,2.8975,28:52,7:08:50,0.0818,0.0001
1160,40000,2.9,28:53,6:02:15,0.102,0.0001
1161,40000,2.9025,28:53,5:27:02,0.086,0.0001
1162,40000,2.905,29:02,34:17:42,0.072,0.0001
1163,40000,2.9075,29:03,25:00:10,0.104,0.0001
1164,40000,2.91,29:03,18:25:38,0.108,0.0001
1165,40000,2.9125,29:03,13:51:15,0.0907,0.0001
1166,40000,2.915,29:07,20:07:13,0.108,0.0001
1167,40000,2.9175,29:07,15:02:15,0.0943,0.0001
1168,40000,2.92,29:07,12:04:16,0.077,0.0001
1169,40000,2.9225,29:08,9:27:06,0.0865,0.0001
1170,40000,2.925,29:08,7:52:55,0.0492,0.0001
1171,40000,2.9275,29:08,6:32:17,0.0661,0.0001
1172,40000,2.93,29:09,5:34:42,0.0675,0.0001
1173,40000,2.9325,29:09,4:48:38,0.0661,0.0001
1174,40000,2.935,29:20,38:41:34,0.059,0.0001
1175,40000,2.9375,29:20,28:37:20,0.0755,0.0001
1176,40000,2.94,29:21,21:01:52,0.0824,0.0001
1177,40000,2.9425,29:21,15:43:27,0.0806,0.0001
1178,40000,2.945,29:26,27:28:46,0.0929,0.0001
1179,40000,2.9475,29:26,20:15:32,0.0833,0.0001
1180,40000,2.95,29:27,15:08:55,0.0904,0.0001
1181,40000,2.9525,29:27,11:29:33,0.0909,0.0001
1182,40000,2.955,29:27,9:00:54,0.0862,0.0001
1183,40000,2.9575,29:27,7:16:50,0.0771,0.0001
1184,40000,2.96,29:28,6:06:46,0.075,0.0001
1185,40000,2.9625,29:28,5:15:02,0.0966,0.0001
1186,40000,2.965,29:37,31:26:45,0.0812,0.0001
1187,40000,2.9675,29:37,23:02:18,0.116,0.0001
1188,40000,2.97,29:37,17:21:51,0.0718,0.0001
1189,40000,2.9725,29:38,13:07:22,0.112,0.0001
1190,40000,2.975,29:44,30:16:56,0.0722,0.0001
1191,40000,2.9775,29:45,22:26:32,0.0874,0.0001
1192,40000,2.98,29:45,16:39:12,0.0679,0.0001
1193,40000,2.9825,29:45,12:19:39,0.0829,0.0001
1194,40000,2.985,29:45,9:20:12,0.11,0.0001
1195,40000,2.9875,29:46,7:28:50,0.113,0.0001
1196,40000,2.99,29:46,6:29:00,0.099,0.0001
1197,40000,2.9925,29:46,5:15:03,0.126,0.0001
1198,40000,2.995,29:53,25:01:28,0.0924,0.0001
1199,40000,2.9975,29:53,19:02:53,0.0859,0.0001
1200,40000,3.0,29:54,14:23:55,0.0984,0.0001
1201,40000,3.0025,29:54,11:18:32,0.0885,0.0001
1202,40000,3.005,29:58,21:30:11,0.0752,0.0001
1203,40000,3.0075,29:59,16:18:17,0.0688,0.0001
1204,40000,3.01,29:59,12:09:57,0.0754,0.0001
1205,40000,3.0125,29:59,9:28:03,0.0801,0.0001
1206,40000,3.015,29:59,7:35:44,0.0669,0.0001
1207,40000,3.0175,30:00,6:33:35,0.0684,0.0001
1208,40000,3.02,30:00,5:32:54,0.0622,0.0001
1209,40000,3.0225,30:00,4:50:57,0.0885,0.0001
1210,40000,3.025,30:10,33:50:13,0.0785,0.0001
1211,40000,3.0275,30:10,24:58:08,0.0668,0.0001
1212,40000,3.03,30:11,18:43:29,0.0763,0.0001
1213,40000,3.0325,30:11,14:25:47,0.0938,0.0001
1214,40000,3.035,30:16,26:52:27,0.0817,0.0001
1215,40000,3.0375,30:16,19:32:51,0.0665,0.0001
1216,40000,3.04,30:17,14:52:00,0.0678,0.0001
1217,40000,3.0425,30:17,11:25:30,0.0721,0.0001
1218,40000,3.045,30:17,8:58:31,0.0725,0.0001
1219,40000,3.0475,30:18,7:32:17,0.0733,0.0001
1220,40000,3.05,30:18,6:33:31,0.0801,0.0001
1221,40000,3.0525,30:19,5:55:22,0.065,0.0001
1222,40000,3.055,30:25,24:52:15,0.0651,0.0001
1223,40000,3.0575,30:25,18:21:40,0.0958,0.0001
1224,40000,3.06,30:26,14:04:11,0.057,0.0001
1225,40000,3.0625,30:26,10:50:01,0.0522,0.0001
1226,40000,3.065,30:30,19:34:40,0.0864,0.0001
1227,40000,3.0675,30:30,14:40:12,0.0844,0.0001
1228,40000,3.07,30:30,11:15:14,0.0806,0.0001
1229,40000,3.0725,30:31,8:50:11,0.0835,0.0001
1230,40000,3.075,30:31,8:27:18,0.0917,0.0001
1231,40000,3.0775,30:32,7:14:20,0.0693,0.0001
1232,40000,3.08,30:32,6:19:06,0.0691,0.0001
1233,40000,3.0825,30:32,5:22:17,0.0722,0.0001
1234,40000,3.085,30:44,40:17:48,0.0803,0.0001
1235,40000,3.0875,30:44,29:26:15,0.0776,0.0001
1236,40000,3.09,30:44,21:35:11,0.0674,0.0001
1237,40000,3.0925,30:45,16:04:59,0.0688,0.0001
1238,40000,3.095,30:49,24:10:38,0.0672,0.0001
1239,40000,3.0975,30:49,17:56:44,0.0645,0.0001
1240,40000,3.1,30:49,13:50:16,0.0706,0.0001
1241,40000,3.1025,30:50,10:56:27,0.0588,0.0001
1242,40000,3.105,30:52,14:25:49,0.11,0.0001
1243,40000,3.1075,30:52,11:23:34,0.0679,0.0001
1244,40000,3.11,30:53,8:39:38,0.0641,0.0001
1245,40000,3.1125,30:53,7:03:41,0.0803,0.0001
1246,40000,3.115,31:01,32:23:58,0.0671,0.0001
1247,40000,3.1175,31:02,23:55:13,0.0835,0.0001
1248,40000,3.12,31:02,17:42:45,0.0744,0.0001
1249,40000,3.1225,31:02,13:21:43,0.0709,0.0001
1250,40000,3.125,31:05,17:06:24,0.0598,0.0001
1251,40000,3.1275,31:05,12:58:46,0.077,0.0001
1252,40000,3.13,31:05,10:03:29,0.0704,0.0001
1253,40000,3.1325,31:06,8:00:33,0.0745,0.0001
1254,40000,3.135,31:06,6:54:51,0.0736,0.0001
1255,40000,3.1375,31:06,6:03:28,0.0749,0.0001
1256,40000,3.14,31:07,5:13:38,0.0815,0.0001
1257,40000,3.1425,31:07,4:21:21,0.0624,0.0001
1258,40000,3.145,31:18,39:08:22,0.0616,0.0001
1259,40000,3.1475,31:18,28:40:41,0.0879,0.0001
1260,40000,3.15,31:19,20:49:03,0.0717,0.0001
1261,40000,3.1525,31:19,15:29:45,0.0664,0.0001
1262,40000,3.155,31:23,23:04:56,0.0695,0.0001
1263,40000,3.1575,31:23,17:11:17,0.0973,0.0001
1264,40000,3.16,31:24,13:17:16,0.0658,0.0001
1265,40000,3.1625,31:24,10:15:35,0.0671,0.0001
1266,40000,3.165,31:24,8:09:33,0.0802,0.0001
1267,40000,3.1675,31:24,6:40:02,0.0888,0.0001
1268,40000,3.17,31:25,5:39:21,0.0841,0.0001
1269,40000,3.1725,31:25,5:11:19,0.0594,0.0001
1270,40000,3.175,31:36,39:28:49,0.0675,0.0001
1271,40000,3.1775,31:37,28:39:35,0.0902,0.0001
1272,40000,3.18,31:37,21:00:57,0.0947,0.0001
1273,40000,3.1825,31:37,15:37:42,0.0693,0.0001
1274,40000,3.185,31:41,22:57:22,0.0702,0.0001
1275,40000,3.1875,31:41,16:59:16,0.0838,0.0001
1276,40000,3.19,31:41,12:49:02,0.077,0.0001
1277,40000,3.1925,31:42,9:57:49,0.0866,0.0001
1278,40000,3.195,31:42,7:56:55,0.0781,0.0001
1279,40000,3.1975,31:42,6:12:19,0.0746,0.0001
1280,40000,3.2,31:43,5:20:03,0.0607,0.0001
1281,40000,3.2025,31:43,4:40:24,0.0646,0.0001
1282,40000,3.205,31:51,29:28:56,0.0827,0.0001
1283,40000,3.2075,31:51,21:52:49,0.0785,0.0001
1284,40000,3.21,31:52,16:18:33,0.0649,0.0001
1285,40000,3.2125,31:52,12:23:18,0.0926,0.0001
1286,40000,3.215,31:55,19:35:30,0.0706,0.0001
1287,40000,3.2175,31:56,14:43:57,0.0708,0.0001
1288,40000,3.22,31:56,11:17:17,0.057,0.0001
1289,40000,3.2225,31:56,8:49:58,0.0632,0.0001
1290,40000,3.225,31:57,7:07:38,0.0763,0.0001
1291,40000,3.2275,31:57,5:41:50,0.0786,0.0001
1292,40000,3.23,31:57,4:57:04,0.0657,0.0001
1293,40000,3.2325,31:57,4:23:22,0.0734,0.0001
1294,40000,3.235,32:06,31:26:21,0.0725,0.0001
1295,40000,3.2375,32:07,23:16:37,0.0736,0.0001
1296,40000,3.24,32:07,17:19:19,0.0706,0.0001
1297,40000,3.2425,32:07,13:05:48,0.0813,0.0001
1298,40000,3.245,32:12,23:37:30,0.0743,0.0001
1299,40000,3.2475,32:12,17:31:07,0.102,0.0001
1300,40000,3.25,32:12,13:15:33,0.0786,0.0001
1301,40000,3.2525,32:13,10:33:44,0.0585,0.0001
1302,40000,3.255,32:13,8:23:35,0.054,0.0001
1303,40000,3.2575,32:13,7:07:44,0.085,0.0001
1304,40000,3.26,32:14,6:14:00,0.0876,0.0001
1305,40000,3.2625,32:14,5:22:41,0.0778,0.0001
1306,40000,3.265,32:21,27:39:21,0.0667,0.0001
1307,40000,3.2675,32:22,20:38:48,0.0861,0.0001
1308,40000,3.27,32:22,15:41:32,0.0772,0.0001
1309,40000,3.2725,32:23,12:00:18,0.0773,0.0001
1310,40000,3.275,32:27,23:09:57,0.0742,0.0001
1311,40000,3.2775,32:27,17:12:59,0.0787,0.0001
1312,40000,3.28,32:28,13:17:50,0.0655,0.0001
1313,40000,3.2825,32:28,10:18:22,0.0611,0.0001
1314,40000,3.285,32:28,8:13:09,0.0641,0.0001
1315,40000,3.2875,32:29,7:02:48,0.0661,0.0001
1316,40000,3.29,32:29,5:53:20,0.0788,0.0001
1317,40000,3.2925,32:29,5:06:05,0.0667,0.0001
1318,40000,3.295,32:38,30:57:53,0.0597,0.0001
1319,40000,3.2975,32:38,22:53:39,0.0545,0.0001
1320,40000,3.3,32:39,17:03:49,0.0808,0.0001
1321,40000,3.3025,32:43,26:43:58,0.113,0.0001
1322,40000,3.305,32:47,29:23:42,0.078,0.0001
1323,40000,3.3075,32:47,21:28:58,0.0711,0.0001
1324,40000,3.31,32:47,16:02:23,0.0708,0.0001
1325,40000,3.3125,32:47,12:27:54,0.0579,0.0001
1326,40000,3.315,32:48,9:44:28,0.0771,0.0001
1327,40000,3.3175,32:48,8:03:58,0.0632,0.0001
1328,40000,3.32,32:49,6:40:31,0.0698,0.0001
1329,40000,3.3225,32:49,5:38:43,0.0694,0.0001
1330,40000,3.325,32:59,37:04:18,0.0608,0.0001
1331,40000,3.3275,32:59,26:57:19,0.106,0.0001
1332,40000,3.33,33:00,19:51:20,0.0665,0.0001
1333,40000,3.3325,33:00,15:07:16,0.105,0.0001
1334,40000,3.335,33:04,23:29:20,0.0584,0.0001
1335,40000,3.3375,33:04,17:26:40,0.0596,0.0001
1336,40000,3.34,33:05,13:12:31,0.102,0.0001
1337,40000,3.3425,33:05,10:28:38,0.0609,0.0001
1338,40000,3.345,33:05,8:19:37,0.0637,0.0001
1339,40000,3.3475,33:06,6:48:06,0.0652,0.0001
1340,40000,3.35,33:06,5:43:53,0.0634,0.0001
1341,40000,3.3525,33:06,4:58:35,0.0678,0.0001
1342,40000,3.355,33:13,25:41:54,0.0571,0.0001
1343,40000,3.3575,33:14,18:59:42,0.0647,0.0001
1344,40000,3.36,33:14,14:29:59,0.0651,0.0001
1345,40000,3.3625,33:14,11:12:21,0.0752,0.0001
1346,40000,3.365,33:24,38:27:55,0.0646,0.0001
1347,40000,3.3675,33:24,27:53:17,0.0988,0.0001
1348,40000,3.37,33:24,20:26:02,0.0784,0.0001
1349,40000,3.3725,33:25,15:16:03,0.111,0.0001
1350,40000,3.375,33:25,11:38:02,0.0632,0.0001
1351,40000,3.3775,33:25,8:51:09,0.0568,0.0001
1352,40000,3.38,33:25,7:07:14,0.0647,0.0001
1353,40000,3.3825,33:26,5:56:26,0.0804,0.0001
1354,40000,3.385,33:30,17:00:13,0.0664,0.0001
1355,40000,3.3875,33:30,12:54:14,0.101,0.0001
1356,40000,3.39,33:30,10:00:05,0.0685,0.0001
1357,40000,3.3925,33:32,12:25:32,0.0699,0.0001
1358,40000,3.395,33:40,33:13:55,0.0727,0.0001
1359,40000,3.3975,33:40,24:14:22,0.0567,0.0001
1360,40000,3.4,33:40,18:13:36,0.0532,0.0001
1361,40000,3.4025,33:41,13:45:38,0.0616,0.0001
1362,40000,3.405,33:41,10:51:53,0.0685,0.0001
1363,40000,3.4075,33:41,8:52:02,0.0589,0.0001
1364,40000,3.41,33:42,7:11:28,0.0842,0.0001
1365,40000,3.4125,33:42,6:01:04,0.0649,0.0001
1366,40000,3.415,33:47,20:35:47,0.0725,0.0001
1367,40000,3.4175,33:48,15:43:29,0.0765,0.0001
1368,40000,3.42,33:48,12:02:29,0.0762,0.0001
1369,40000,3.4225,33:48,10:18:12,0.0635,0.0001
1370,40000,3.425,33:59,42:16:18,0.0983,0.0001
1371,40000,3.4275,34:00,30:37:41,0.0744,0.0001
1372,40000,3.43,34:00,22:21:55,0.0688,0.0001
1373,40000,3.4325,34:00,16:36:58,0.0844,0.0001
1374,40000,3.435,34:01,12:35:46,0.0619,0.0001
1375,40000,3.4375,34:01,9:45:03,0.0486,0.0001
1376,40000,3.44,34:01,7:32:41,0.0628,0.0001
1377,40000,3.4425,34:01,6:11:43,0.0671,0.0001
1378,40000,3.445,34:02,6:19:07,0.0688,0.0001
1379,40000,3.4475,34:02,5:22:47,0.0698,0.0001
1380,40000,3.45,34:03,4:59:27,0.0686,0.0001
1381,40000,3.4525,34:05,11:54:42,0.0745,0.0001
1382,40000,3.455,34:16,44:23:36,0.0686,0.0001
1383,40000,3.4575,34:17,32:19:35,0.0757,0.0001
1384,40000,3.46,34:17,23:54:44,0.0807,0.0001
1385,40000,3.4625,34:18,17:43:36,0.0761,0.0001
1386,40000,3.465,34:18,13:40:02,0.044,0.0001
1387,40000,3.4675,34:18,10:33:10,0.0575,0.0001
1388,40000,3.47,34:19,8:19:26,0.0806,0.0001
1389,40000,3.4725,34:19,6:47:44,0.0574,0.0001
1390,40000,3.475,34:22,14:28:35,0.0643,0.0001
1391,40000,3.4775,34:22,11:40:18,0.0731,0.0001
1392,40000,3.48,34:23,9:11:10,0.0804,0.0001
1393,40000,3.4825,34:23,7:58:16,0.0689,0.0001
1394,40000,3.485,34:34,39:25:11,0.0628,0.0001
1395,40000,3.4875,34:34,28:29:53,0.0801,0.0001
1396,40000,3.49,34:34,20:39:15,0.0695,0.0001
1397,40000,3.4925,34:34,15:22:35,0.0718,0.0001
1398,40000,3.495,34:35,11:42:41,0.0701,0.0001
1399,40000,3.4975,34:35,8:53:59,0.0817,0.0001
1400,40000,3.5,34:35,7:08:09,0.0566,0.0001
1401,40000,3.5025,34:36,5:59:03,0.0641,0.0001
1402,40000,3.505,34:40,17:41:09,0.0626,0.0001
1403,40000,3.5075,34:40,13:39:55,0.0677,0.0001
1404,40000,3.51,34:40,10:35:32,0.079,0.0001
1405,40000,3.5125,34:41,8:39:42,0.0687,0.0001
1406,40000,3.515,34:50,36:01:43,0.0861,0.0001
1407,40000,3.5175,34:51,26:28:46,0.0749,0.0001
1408,40000,3.52,34:51,19:29:23,0.0638,0.0001
1409,40000,3.5225,34:51,14:37:27,0.0895,0.0001
1410,40000,3.525,34:51,11:13:15,0.0891,0.0001
1411,40000,3.5275,34:52,8:46:21,0.0622,0.0001
1412,40000,3.53,34:52,7:07:09,0.0715,0.0001
1413,40000,3.5325,34:52,5:58:44,0.0795,0.0001
1414,40000,3.535,34:55,13:06:22,0.0993,0.0001
1415,40000,3.5375,34:55,10:10:29,0.0716,0.0001
1416,40000,3.54,34:56,8:03:21,0.0631,0.0001
1417,40000,3.5425,34:56,6:40:22,0.0765,0.0001
1418,40000,3.545,35:05,32:37:02,0.0875,0.0001
1419,40000,3.5475,35:05,23:50:33,0.0786,0.0001
1420,40000,3.55,35:05,17:37:38,0.0628,0.0001
1421,40000,3.5525,35:06,13:16:05,0.0677,0.0001
1422,40000,3.555,35:06,10:15:52,0.061,0.0001
1423,40000,3.5575,35:06,8:25:19,0.0626,0.0001
1424,40000,3.56,35:07,6:53:03,0.0788,0.0001
1425,40000,3.5625,35:07,6:06:25,0.0715,0.0001
1426,40000,3.565,35:12,19:01:56,0.0768,0.0001
1427,40000,3.5675,35:13,16:52:08,0.078,0.0001
1428,40000,3.57,35:13,12:50:15,0.0663,0.0001
1429,40000,3.5725,35:13,9:56:31,0.0516,0.0001
1430,40000,3.575,35:22,35:29:59,0.0786,0.0001
1431,40000,3.5775,35:23,25:51:27,0.0789,0.0001
1432,40000,3.58,35:23,19:02:50,0.0766,0.0001
1433,40000,3.5825,35:23,14:37:38,0.0733,0.0001
1434,40000,3.585,35:24,11:31:59,0.0591,0.0001
1435,40000,3.5875,35:24,9:02:07,0.0656,0.0001
1436,40000,3.59,35:24,7:15:52,0.0671,0.0001
1437,40000,3.5925,35:24,5:46:22,0.0734,0.0001
1438,40000,3.595,35:30,22:17:26,0.0683,0.0001
1439,40000,3.5975,35:30,16:19:49,0.0468,0.0001
1440,40000,3.6,35:31,12:37:52,0.0631,0.0001
1441,40000,3.6025,35:31,9:50:08,0.0776,0.0001
1442,40000,3.605,35:39,31:57:00,0.062,0.0001
1443,40000,3.6075,35:39,23:40:16,0.0874,0.0001
1444,40000,3.61,35:40,17:50:41,0.0795,0.0001
1445,40000,3.6125,35:40,13:27:59,0.0944,0.0001
1446,40000,3.615,35:40,10:21:27,0.0722,0.0001
1447,40000,3.6175,35:41,8:13:10,0.0752,0.0001
1448,40000,3.62,35:41,6:46:02,0.0467,0.0001
1449,40000,3.6225,35:41,5:56:35,0.079,0.0001
1450,40000,3.625,35:50,30:55:00,0.0576,0.0001
1451,40000,3.6275,35:50,23:13:54,0.0604,0.0001
1452,40000,3.63,35:50,17:47:27,0.0675,0.0001
1453,40000,3.6325,35:51,13:45:33,0.0668,0.0001
1454,40000,3.635,35:59,35:01:17,0.111,0.0001
1455,40000,3.6375,35:59,25:13:11,0.05,0.0001
1456,40000,3.64,35:59,18:37:35,0.0771,0.0001
1457,40000,3.6425,36:00,13:59:01,0.0631,0.0001
1458,40000,3.645,36:00,11:01:11,0.0751,0.0001
1459,40000,3.6475,36:00,8:42:50,0.0615,0.0001
1460,40000,3.65,36:01,7:21:31,0.0622,0.0001
1461,40000,3.6525,36:01,6:09:40,0.1,0.0001
1462,40000,3.655,36:07,24:31:23,0.06,0.0001
1463,40000,3.6575,36:08,18:26:58,0.0474,0.0001
1464,40000,3.66,36:08,14:12:45,0.0668,0.0001
1465,40000,3.6625,36:08,10:53:56,0.0708,0.0001
1466,40000,3.665,36:16,31:57:48,0.0875,0.0001
1467,40000,3.6675,36:16,23:05:04,0.0631,0.0001
1468,40000,3.67,36:17,17:04:48,0.0597,0.0001
1469,40000,3.6725,36:17,12:54:35,0.0663,0.0001
1470,40000,3.675,36:17,10:00:15,0.0508,0.0001
1471,40000,3.6775,36:17,7:58:19,0.0739,0.0001
1472,40000,3.68,36:18,6:51:59,0.0483,0.0001
1473,40000,3.6825,36:18,5:46:17,0.0499,0.0001
1474,40000,3.685,36:26,28:29:49,0.0441,0.0001
1475,40000,3.6875,36:26,21:11:42,0.0647,0.0001
1476,40000,3.69,36:26,15:46:26,0.0601,0.0001
1477,40000,3.6925,36:27,12:17:46,0.0785,0.0001
1478,40000,3.695,36:33,28:17:39,0.0737,0.0001
1479,40000,3.6975,36:33,21:05:09,0.0664,0.0001
1480,40000,3.7,36:34,16:00:09,0.0692,0.0001
1481,40000,3.7025,36:34,12:26:41,0.0678,0.0001
1482,40000,3.705,36:34,9:40:35,0.0521,0.0001
1483,40000,3.7075,36:35,7:44:52,0.0761,0.0001
1484,40000,3.71,36:35,6:23:23,0.0705,0.0001
1485,40000,3.7125,36:35,5:43:09,0.0565,0.0001
1486,40000,3.715,36:44,32:56:59,0.0872,0.0001
1487,40000,3.7175,36:45,24:19:56,0.0744,0.0001
1488,40000,3.72,36:45,18:00:16,0.0693,0.0001
1489,40000,3.7225,36:46,13:53:40,0.0665,0.0001
1490,40000,3.725,36:50,23:51:20,0.0509,0.0001
1491,40000,3.7275,36:50,17:40:03,0.0689,0.0001
1492,40000,3.73,36:51,13:20:16,0.0765,0.0001
1493,40000,3.7325,36:51,10:15:23,0.069,0.0001
1494,40000,3.735,36:51,8:07:46,0.0574,0.0001
1495,40000,3.7375,36:52,8:53:35,0.0612,0.0001
1496,40000,3.74,36:52,7:10:34,0.0751,0.0001
1497,40000,3.7425,36:53,6:00:04,0.0777,0.0001
1498,40000,3.745,37:01,30:52:57,0.0978,0.0001
1499,40000,3.7475,37:01,22:55:46,0.069,0.0001
1500,40000,3.75,37:02,17:15:14,0.0632,0.0001
1501,40000,3.7525,37:02,13:02:31,0.0781,0.0001
1502,40000,3.755,37:08,26:28:41,0.0611,0.0001
1503,40000,3.7575,37:08,19:28:38,0.0704,0.0001
1504,40000,3.76,37:08,14:37:17,0.0724,0.0001
1505,40000,3.7625,37:08,11:12:27,0.0927,0.0001
1506,40000,3.765,37:09,8:49:27,0.0546,0.0001
1507,40000,3.7675,37:09,7:23:45,0.0601,0.0001
1508,40000,3.77,37:10,6:26:16,0.0672,0.0001
1509,40000,3.7725,37:10,5:28:24,0.0828,0.0001
1510,40000,3.775,37:18,31:05:37,0.0641,0.0001
1511,40000,3.7775,37:19,22:46:17,0.079,0.0001
1512,40000,3.78,37:19,16:55:27,0.0692,0.0001
1513,40000,3.7825,37:19,13:06:19,0.0691,0.0001
1514,40000,3.785,37:25,28:23:32,0.057,0.0001
1515,40000,3.7875,37:26,20:32:28,0.0601,0.0001
1516,40000,3.79,37:26,15:04:23,0.0528,0.0001
1517,40000,3.7925,37:26,11:29:42,0.081,0.0001
1518,40000,3.795,37:26,9:17:18,0.0605,0.0001
1519,40000,3.7975,37:27,7:30:00,0.0563,0.0001
1520,40000,3.8,37:27,6:10:53,0.0842,0.0001
1521,40000,3.8025,37:27,5:00:46,0.0543,0.0001
1522,40000,3.805,37:33,22:42:47,0.0792,0.0001
1523,40000,3.8075,37:34,17:08:49,0.0574,0.0001
1524,40000,3.81,37:34,13:01:05,0.0784,0.0001
1525,40000,3.8125,37:34,10:05:28,0.0602,0.0001
1526,40000,3.815,37:42,31:23:40,0.0441,0.0001
1527,40000,3.8175,37:42,22:54:36,0.0745,0.0001
1528,40000,3.82,37:42,16:58:12,0.0537,0.0001
1529,40000,3.8225,37:43,12:37:13,0.0785,0.0001
1530,40000,3.825,37:43,9:47:32,0.0713,0.0001
1531,40000,3.8275,37:43,7:45:37,0.0986,0.0001
1532,40000,3.83,37:43,6:20:43,0.101,0.0001
1533,40000,3.8325,37:44,5:24:11,0.0808,0.0001
1534,40000,3.835,37:47,14:23:50,0.056,0.0001
1535,40000,3.8375,37:47,11:02:22,0.0696,0.0001
1536,40000,3.84,37:48,9:00:17,0.0866,0.0001
1537,40000,3.8425,37:48,7:16:52,0.0721,0.0001
1538,40000,3.845,37:54,23:42:34,0.076,0.0001
1539,40000,3.8475,37:54,17:49:23,0.0634,0.0001
1540,40000,3.85,37:55,13:26:58,0.0833,0.0001
1541,40000,3.8525,37:55,10:24:12,0.0638,0.0001
1542,40000,3.855,37:55,8:13:00,0.0572,0.0001
1543,40000,3.8575,37:56,6:44:03,0.0714,0.0001
1544,40000,3.86,37:56,5:39:21,0.0478,0.0001
1545,40000,3.8625,37:56,5:15:29,0.0652,0.0001
1546,40000,3.865,38:04,28:42:59,0.0637,0.0001
1547,40000,3.8675,38:05,21:40:31,0.0872,0.0001
1548,40000,3.87,38:05,16:23:53,0.0631,0.0001
1549,40000,3.8725,38:05,12:10:43,0.0761,0.0001
1550,40000,3.875,38:11,26:47:26,0.0608,0.0001
1551,40000,3.8775,38:11,20:17:29,0.0667,0.0001
1552,40000,3.88,38:12,14:55:08,0.0747,0.0001
1553,40000,3.8825,38:12,11:24:41,0.081,0.0001
1554,40000,3.885,38:12,8:54:29,0.0544,0.0001
1555,40000,3.8875,38:12,7:11:46,0.0863,0.0001
1556,40000,3.89,38:13,5:58:28,0.0557,0.0001
1557,40000,3.8925,38:13,4:53:22,0.0793,0.0001
1558,40000,3.895,38:21,28:38:35,0.0537,0.0001
1559,40000,3.8975,38:21,21:04:43,0.103,0.0001
1560,40000,3.9,38:22,16:01:25,0.0609,0.0001
1561,40000,3.9025,38:22,13:09:48,0.0664,0.0001
1562,40000,3.905,38:26,20:01:53,0.0778,0.0001
1563,40000,3.9075,38:26,14:59:30,0.0651,0.0001
1564,40000,3.91,38:26,11:29:00,0.0715,0.0001
1565,40000,3.9125,38:27,9:16:45,0.0676,0.0001
1566,40000,3.915,38:27,7:30:15,0.0743,0.0001
1567,40000,3.9175,38:27,6:13:06,0.0646,0.0001
1568,40000,3.92,38:27,5:19:32,0.0418,0.0001
1569,40000,3.9225,38:28,4:59:16,0.0831,0.0001
1570,40000,3.925,38:43,51:11:04,0.0655,0.0001
1571,40000,3.9275,38:43,36:49:44,0.0534,0.0001
1572,40000,3.93,38:43,26:44:07,0.0664,0.0001
1573,40000,3.9325,38:44,19:56:09,0.0454,0.0001
1574,40000,3.935,38:44,14:59:49,0.0594,0.0001
1575,40000,3.9375,38:44,11:27:06,0.08,0.0001
1576,40000,3.94,38:45,9:13:14,0.0684,0.0001
1577,40000,3.9425,38:45,7:25:01,0.0714,0.0001
1578,40000,3.945,38:45,6:11:31,0.093,0.0001
1579,40000,3.9475,38:46,5:16:48,0.0663,0.0001
1580,40000,3.95,38:46,4:41:58,0.0538,0.0001
1581,40000,3.9525,38:46,4:32:55,0.0785,0.0001
1582,40000,3.955,39:01,49:33:25,0.0494,0.0001
1583,40000,3.9575,39:01,35:40:55,0.0525,0.0001
1584,40000,3.96,39:01,25:56:58,0.0755,0.0001
1585,40000,3.9625,39:02,18:50:57,0.0716,0.0001
1586,40000,3.965,39:02,14:23:09,0.0881,0.0001
1587,40000,3.9675,39:02,10:45:08,0.0555,0.0001
1588,40000,3.97,39:03,8:27:43,0.0544,0.0001
1589,40000,3.9725,39:03,6:37:23,0.0714,0.0001
1590,40000,3.975,39:03,5:33:09,0.0422,0.0001
1591,40000,3.9775,39:03,4:50:05,0.0616,0.0001
1592,40000,3.98,39:04,4:05:19,0.0457,0.0001
1593,40000,3.9825,39:04,4:06:34,0.0571,0.0001
1594,40000,3.985,39:18,48:36:49,0.0783,0.0001
1595,40000,3.9875,39:19,35:19:29,0.0569,0.0001
1596,40000,3.99,39:19,26:01:03,0.0744,0.0001
1597,40000,3.9925,39:19,19:11:02,0.0583,0.0001
1598,40000,3.995,39:20,14:38:58,0.0457,0.0001
1599,40000,3.9975,39:20,11:16:20,0.072,0.0001
1600,40000,4.0,39:20,9:06:43,0.0607,0.0001
1601,40000,4.0025,39:21,7:21:42,0.0456,0.0001
1602,40000,4.005,39:21,6:08:02,0.07,0.0001
1603,40000,4.0075,39:21,5:14:47,0.0671,0.0001
1604,40000,4.01,39:22,4:36:50,0.0573,0.0001
1605,40000,4.0125,39:22,4:11:26,0.0586,0.0001
1606,40000,4.015,39:36,46:45:14,0.066,0.0001
1607,40000,4.0175,39:36,33:45:11,0.0653,0.0001
1608,40000,4.02,39:36,24:35:06,0.0721,0.0001
1609,40000,4.0225,39:37,18:09:15,0.0409,0.0001
1610,40000,4.025,39:37,13:57:13,0.0486,0.0001
1611,40000,4.0275,39:37,10:45:13,0.0985,0.0001
1612,40000,4.03,39:38,8:27:30,0.0837,0.0001
1613,40000,4.0325,39:38,6:35:25,0.0463,0.0001
1614,40000,4.035,39:38,5:50:28,0.0679,0.0001
1615,40000,4.0375,39:38,5:02:37,0.0751,0.0001
1616,40000,4.04,39:39,4:29:24,0.0496,0.0001
1617,40000,4.0425,39:39,4:07:42,0.0611,0.0001
1618,40000,4.045,39:54,51:51:47,0.0808,0.0001
1619,40000,4.0475,39:55,37:31:13,0.0538,0.0001
1620,40000,4.05,39:55,27:14:44,0.0706,0.0001
1621,40000,4.0525,39:55,19:46:51,0.0519,0.0001
1622,40000,4.055,39:56,14:43:58,0.106,0.0001
1623,40000,4.0575,39:56,11:15:09,0.0667,0.0001
1624,40000,4.06,39:56,8:35:40,0.0533,0.0001
1625,40000,4.0625,39:56,6:59:03,0.0861,0.0001
1626,40000,4.065,39:57,5:51:04,0.0485,0.0001
1627,40000,4.0675,39:57,5:22:09,0.0803,0.0001
1628,40000,4.07,39:57,5:00:10,0.0957,0.0001
1629,40000,4.0725,39:58,4:45:53,0.0446,0.0001
1630,40000,4.075,40:12,47:29:41,0.0717,0.0001
1631,40000,4.0775,40:12,34:28:39,0.0708,0.0001
1632,40000,4.08,40:12,25:08:37,0.0673,0.0001
1633,40000,4.0825,40:13,18:34:05,0.0621,0.0001
1634,40000,4.085,40:13,14:16:17,0.0608,0.0001
1635,40000,4.0875,40:13,11:15:23,0.0681,0.0001
1636,40000,4.09,40:14,8:52:27,0.0651,0.0001
1637,40000,4.0925,40:14,7:07:42,0.0647,0.0001
1638,40000,4.095,40:14,5:58:06,0.0613,0.0001
1639,40000,4.0975,40:15,5:22:58,0.058,0.0001
1640,40000,4.1,40:15,4:29:08,0.059,0.0001
1641,40000,4.1025,40:15,4:20:19,0.058,0.0001
1642,40000,4.105,40:27,41:06:03,0.053,0.0001
1643,40000,4.1075,40:28,30:03:18,0.0802,0.0001
1644,40000,4.11,40:28,22:01:03,0.07,0.0001
1645,40000,4.1125,40:28,16:20:13,0.0867,0.0001
1646,40000,4.115,40:29,12:41:35,0.0639,0.0001
1647,40000,4.1175,40:29,9:53:55,0.0558,0.0001
1648,40000,4.12,40:29,8:10:13,0.0664,0.0001
1649,40000,4.1225,40:30,6:41:08,0.0469,0.0001
1650,40000,4.125,40:30,5:40:20,0.0577,0.0001
1651,40000,4.1275,40:30,5:11:21,0.0701,0.0001
1652,40000,4.13,40:31,4:21:34,0.0694,0.0001
1653,40000,4.1325,40:31,4:00:04,0.051,0.0001
1654,40000,4.135,40:44,45:19:10,0.0747,0.0001
1655,40000,4.1375,40:45,32:58:10,0.0508,0.0001
1656,40000,4.14,40:45,24:02:25,0.073,0.0001
1657,40000,4.1425,40:45,17:46:10,0.0496,0.0001
1658,40000,4.145,40:45,13:23:47,0.0875,0.0001
1659,40000,4.1475,40:46,10:19:32,0.0647,0.0001
1660,40000,4.15,40:46,8:08:42,0.0792,0.0001
1661,40000,4.1525,40:46,6:42:49,0.0594,0.0001
1662,40000,4.155,40:47,5:39:07,0.0546,0.0001
1663,40000,4.1575,40:47,4:56:15,0.0584,0.0001
1664,40000,4.16,40:47,4:39:42,0.0574,0.0001
1665,40000,4.1625,40:48,4:13:18,0.0689,0.0001
1666,40000,4.165,41:02,48:24:23,0.0448,0.0001
1667,40000,4.1675,41:02,35:06:16,0.0661,0.0001
1668,40000,4.17,41:03,25:34:05,0.0938,0.0001
1669,40000,4.1725,41:03,19:06:17,0.063,0.0001
1670,40000,4.175,41:03,14:05:20,0.0794,0.0001
1671,40000,4.1775,41:03,10:48:31,0.0502,0.0001
1672,40000,4.18,41:04,8:32:28,0.0537,0.0001
1673,40000,4.1825,41:04,6:57:15,0.0565,0.0001
1674,40000,4.185,41:04,6:02:48,0.0405,0.0001
1675,40000,4.1875,41:05,5:31:18,0.0651,0.0001
1676,40000,4.19,41:05,4:53:15,0.044,0.0001
1677,40000,4.1925,41:06,4:38:39,0.0523,0.0001
1678,40000,4.195,41:19,44:47:18,0.0498,0.0001
1679,40000,4.1975,41:19,32:16:35,0.0716,0.0001
1680,40000,4.2,41:19,23:18:51,0.07,0.0001
1681,40000,4.2025,41:19,17:30:36,0.052,0.0001
1682,40000,4.205,41:20,12:56:17,0.0543,0.0001
1683,40000,4.2075,41:20,11:39:21,0.0631,0.0001
1684,40000,4.21,41:21,9:22:02,0.0703,0.0001
1685,40000,4.2125,41:21,7:48:24,0.0406,0.0001
1686,40000,4.215,41:22,6:28:35,0.0569,0.0001
1687,40000,4.2175,41:22,5:28:22,0.0678,0.0001
1688,40000,4.22,41:22,4:46:51,0.0546,0.0001
1689,40000,4.2225,41:22,4:18:08,0.0495,0.0001
1690,40000,4.225,41:33,36:34:46,0.0962,0.0001
1691,40000,4.2275,41:33,26:34:27,0.0373,0.0001
1692,40000,4.23,41:34,19:49:22,0.0472,0.0001
1693,40000,4.2325,41:34,14:51:59,0.0663,0.0001
1694,40000,4.235,41:34,11:38:36,0.0797,0.0001
1695,40000,4.2375,41:38,20:34:38,0.0884,0.0001
1696,40000,4.24,41:39,15:26:57,0.0644,0.0001
1697,40000,4.2425,41:39,12:00:26,0.0517,0.0001
1698,40000,4.245,41:39,9:22:03,0.0688,0.0001
1699,40000,4.2475,41:40,7:49:29,0.063,0.0001
1700,40000,4.25,41:40,6:29:37,0.0731,0.0001
1701,40000,4.2525,41:40,5:46:35,0.0636,0.0001
1702,40000,4.255,41:48,27:20:06,0.0575,0.0001
1703,40000,4.2575,41:48,20:24:11,0.0858,0.0001
1704,40000,4.26,41:48,15:14:50,0.0908,0.0001
1705,40000,4.2625,41:49,11:41:45,0.0645,0.0001
1706,40000,4.265,41:49,9:42:29,0.0801,0.0001
1707,40000,4.2675,41:58,36:31:44,0.067,0.0001
1708,40000,4.27,41:59,26:31:21,0.0655,0.0001
1709,40000,4.2725,41:59,19:30:14,0.0548,0.0001
1710,40000,4.275,41:59,14:53:52,0.0451,0.0001
1711,40000,4.2775,42:00,11:24:12,0.0523,0.0001
1712,40000,4.28,42:00,8:56:19,0.0635,0.0001
1713,40000,4.2825,42:00,7:15:59,0.057,0.0001
1714,40000,4.285,42:06,24:29:56,0.0451,0.0001
1715,40000,4.2875,42:07,18:06:15,0.0606,0.0001
1716,40000,4.29,42:07,13:38:56,0.0562,0.0001
1717,40000,4.2925,42:07,10:33:39,0.0549,0.0001
1718,40000,4.295,42:08,8:19:01,0.073,0.0001
1719,40000,4.2975,42:15,30:58:06,0.0507,0.0001
1720,40000,4.3,42:16,22:41:10,0.0509,0.0001
1721,40000,4.3025,42:16,16:47:19,0.102,0.0001
1722,40000,4.305,42:16,12:29:26,0.0691,0.0001
1723,40000,4.3075,42:17,9:56:18,0.0528,0.0001
1724,40000,4.31,42:17,7:54:53,0.0788,0.0001
1725,40000,4.3125,42:17,6:48:37,0.077,0.0001
1726,40000,4.315,42:21,15:55:13,0.0494,0.0001
1727,40000,4.3175,42:21,12:25:29,0.0586,0.0001
1728,40000,4.32,42:22,9:57:26,0.0683,0.0001
1729,40000,4.3225,42:22,7:55:37,0.0721,0.0001
1730,40000,4.325,42:22,6:31:05,0.0468,0.0001
1731,40000,4.3275,42:33,39:01:23,0.0587,0.0001
1732,40000,4.33,42:33,28:17:39,0.0688,0.0001
1733,40000,4.3325,42:34,20:44:13,0.0671,0.0001
1734,40000,4.335,42:34,15:31:04,0.0472,0.0001
1735,40000,4.3375,42:34,12:06:56,0.0612,0.0001
1736,40000,4.34,42:35,9:27:43,0.0629,0.0001
1737,40000,4.3425,42:35,7:50:29,0.0601,0.0001
1738,40000,4.345,42:41,24:17:19,0.0604,0.0001
1739,40000,4.3475,42:41,17:57:24,0.0504,0.0001
1740,40000,4.35,42:42,13:34:14,0.0725,0.0001
1741,40000,4.3525,42:42,10:28:30,0.0614,0.0001
1742,40000,4.355,42:42,8:32:20,0.055,0.0001
1743,40000,4.3575,42:47,21:56:52,0.0923,0.0001
1744,40000,4.36,42:48,16:36:29,0.0391,0.0001
1745,40000,4.3625,42:48,12:35:22,0.0713,0.0001
1746,40000,4.365,42:48,9:48:25,0.0538,0.0001
1747,40000,4.3675,42:49,7:51:39,0.0363,0.0001
1748,40000,4.37,42:49,6:25:20,0.045,0.0001
1749,40000,4.3725,42:49,5:28:14,0.0692,0.0001
1750,40000,4.375,42:57,27:44:46,0.0634,0.0001
1751,40000,4.3775,42:57,20:38:47,0.0502,0.0001
1752,40000,4.38,42:57,15:23:41,0.0784,0.0001
1753,40000,4.3825,42:58,12:01:59,0.0771,0.0001
1754,40000,4.385,42:58,9:22:57,0.057,0.0001
1755,40000,4.3875,43:01,16:47:58,0.0691,0.0001
1756,40000,4.39,43:02,13:04:11,0.0626,0.0001
1757,40000,4.3925,43:02,10:02:09,0.0572,0.0001
1758,40000,4.395,43:02,8:18:19,0.0502,0.0001
1759,40000,4.3975,43:03,6:31:39,0.0711,0.0001
1760,40000,4.4,43:03,5:45:25,0.06,0.0001
1761,40000,4.4025,43:03,5:01:31,0.0603,0.0001
1762,40000,4.405,43:14,38:37:14,0.0575,0.0001
1763,40000,4.4075,43:15,28:14:35,0.0462,0.0001
1764,40000,4.41,43:15,20:47:07,0.0752,0.0001
1765,40000,4.4125,43:15,15:28:53,0.0635,0.0001
1766,40000,4.415,43:16,11:47:37,0.0459,0.0001
1767,40000,4.4175,43:23,30:11:33,0.0867,0.0001
1768,40000,4.42,43:23,22:24:25,0.042,0.0001
1769,40000,4.4225,43:23,16:38:17,0.081,0.0001
1770,40000,4.425,43:24,12:36:22,0.046,0.0001
1771,40000,4.4275,43:24,9:48:15,0.0712,0.0001
1772,40000,4.43,43:24,7:48:28,0.0696,0.0001
1773,40000,4.4325,43:24,6:28:19,0.0487,0.0001
1774,40000,4.435,43:32,27:28:03,0.0749,0.0001
1775,40000,4.4375,43:32,20:07:31,0.0613,0.0001
1776,40000,4.44,43:32,15:03:58,0.051,0.0001
1777,40000,4.4425,43:33,12:46:51,0.0648,0.0001
1778,40000,4.445,43:33,10:29:20,0.0479,0.0001
1779,40000,4.4475,43:40,29:04:23,0.0551,0.0001
1780,40000,4.45,43:41,21:33:17,0.0558,0.0001
1781,40000,4.4525,43:41,16:02:09,0.0431,0.0001
1782,40000,4.455,43:41,11:55:26,0.0698,0.0001
1783,40000,4.4575,43:42,9:34:34,0.05,0.0001
1784,40000,4.46,43:42,7:39:48,0.0692,0.0001
1785,40000,4.4625,43:42,6:02:53,0.107,0.0001
1786,40000,4.465,43:51,32:30:33,0.0491,0.0001
1787,40000,4.4675,43:51,23:43:03,0.0393,0.0001
1788,40000,4.47,43:52,17:34:33,0.0548,0.0001
1789,40000,4.4725,43:52,13:15:04,0.0533,0.0001
1790,40000,4.475,43:52,10:16:42,0.0732,0.0001
1791,40000,4.4775,43:56,18:40:15,0.0627,0.0001
1792,40000,4.48,43:56,14:18:19,0.0553,0.0001
1793,40000,4.4825,43:56,10:57:41,0.0722,0.0001
1794,40000,4.485,43:57,8:37:47,0.0696,0.0001
1795,40000,4.4875,43:57,7:01:59,0.0463,0.0001
1796,40000,4.49,43:57,5:53:11,0.0585,0.0001
1797,40000,4.4925,43:58,5:19:04,0.0639,0.0001
1798,40000,4.495,44:09,40:59:36,0.05,0.0001
1799,40000,4.4975,44:10,29:41:41,0.0773,0.0001
1800,40000,4.5,44:10,22:03:53,0.0432,0.0001
1801,40000,4.5025,44:11,16:39:52,0.0524,0.0001
1802,40000,4.505,44:11,12:54:26,0.0974,0.0001
1803,40000,4.5075,44:12,12:15:39,0.0682,0.0001
1804,40000,4.51,44:12,9:30:44,0.0593,0.0001
1805,40000,4.5125,44:13,7:38:52,0.0562,0.0001
1806,40000,4.515,44:13,6:34:46,0.049,0.0001
1807,40000,4.5175,44:13,5:33:24,0.0555,0.0001
1808,40000,4.52,44:13,4:35:08,0.057,0.0001
1809,40000,4.5225,44:14,4:06:44,0.0742,0.0001
1810,40000,4.525,44:27,45:36:51,0.0568,0.0001
1811,40000,4.5275,44:28,33:07:49,0.0414,0.0001
1812,40000,4.53,44:28,24:09:50,0.0564,9.9e-05
1813,40000,4.5325,44:28,17:49:31,0.0548,9.9e-05
1814,40000,4.535,44:28,13:27:36,0.0637,9.9e-05
1815,40000,4.5375,44:32,20:53:48,0.052,9.9e-05
1816,40000,4.54,44:32,15:55:26,0.0665,9.9e-05
1817,40000,4.5425,44:33,12:07:19,0.0629,9.9e-05
1818,40000,4.545,44:33,9:26:02,0.0443,9.9e-05
1819,40000,4.5475,44:33,7:47:56,0.0597,9.9e-05
1820,40000,4.55,44:34,6:24:05,0.0594,9.9e-05
1821,40000,4.5525,44:34,5:27:38,0.0545,9.9e-05
1822,40000,4.555,44:42,29:19:17,0.0626,9.9e-05
1823,40000,4.5575,44:43,22:06:31,0.0478,9.9e-05
1824,40000,4.56,44:43,16:26:07,0.0561,9.9e-05
1825,40000,4.5625,44:43,12:26:32,0.0555,9.9e-05
1826,40000,4.565,44:43,9:41:06,0.0578,9.9e-05
1827,40000,4.5675,44:49,23:01:47,0.0667,9.9e-05
1828,40000,4.57,44:49,17:01:12,0.0689,9.9e-05
1829,40000,4.5725,44:49,12:52:17,0.0642,9.9e-05
1830,40000,4.575,44:49,9:54:57,0.0492,9.9e-05
1831,40000,4.5775,44:50,7:54:54,0.0419,9.9e-05
1832,40000,4.58,44:50,6:28:16,0.0786,9.9e-05
1833,40000,4.5825,44:50,5:30:06,0.0429,9.9e-05
1834,40000,4.585,44:57,26:30:05,0.0654,9.9e-05
1835,40000,4.5875,44:58,19:45:07,0.0458,9.9e-05
1836,40000,4.59,44:58,14:50:36,0.0675,9.9e-05
1837,40000,4.5925,44:58,11:20:45,0.0517,9.9e-05
1838,40000,4.595,44:59,8:54:14,0.0513,9.9e-05
1839,40000,4.5975,45:04,23:41:06,0.0456,9.9e-05
1840,40000,4.6,45:05,17:33:18,0.0583,9.9e-05
1841,40000,4.6025,45:05,13:12:37,0.0594,9.9e-05
1842,40000,4.605,45:05,10:09:34,0.0493,9.9e-05
1843,40000,4.6075,45:05,8:05:16,0.0616,9.9e-05
1844,40000,4.61,45:06,6:38:09,0.0685,9.9e-05
1845,40000,4.6125,45:06,5:34:49,0.0498,9.9e-05
1846,40000,4.615,45:16,36:06:20,0.0799,9.9e-05
1847,40000,4.6175,45:17,26:27:30,0.0512,9.9e-05
1848,40000,4.62,45:17,19:27:19,0.0865,9.9e-05
1849,40000,4.6225,45:17,14:18:56,0.0493,9.9e-05
1850,40000,4.625,45:17,10:58:27,0.0738,9.9e-05
1851,40000,4.6275,45:20,16:34:24,0.0966,9.9e-05
1852,40000,4.63,45:20,12:48:55,0.0484,9.9e-05
1853,40000,4.6325,45:21,9:38:19,0.0425,9.9e-05
1854,40000,4.635,45:21,7:25:25,0.064,9.9e-05
1855,40000,4.6375,45:21,6:09:30,0.0462,9.9e-05
1856,40000,4.64,45:22,5:14:04,0.0597,9.9e-05
1857,40000,4.6425,45:22,4:34:57,0.0533,9.9e-05
1858,40000,4.645,45:34,43:20:04,0.0808,9.9e-05
1859,40000,4.6475,45:35,31:12:49,0.0371,9.9e-05
1860,40000,4.65,45:35,22:30:33,0.0477,9.9e-05
1861,40000,4.6525,45:35,16:25:18,0.0673,9.9e-05
1862,40000,4.655,45:35,12:25:44,0.0499,9.9e-05
1863,40000,4.6575,45:36,9:40:51,0.0847,9.9e-05
1864,40000,4.66,45:36,7:41:50,0.0648,9.9e-05
1865,40000,4.6625,45:36,6:20:16,0.0432,9.9e-05
1866,40000,4.665,45:37,5:23:11,0.0587,9.9e-05
1867,40000,4.6675,45:37,4:42:06,0.0475,9.9e-05
1868,40000,4.67,45:37,4:14:55,0.0559,9.9e-05
1869,40000,4.6725,45:38,3:57:32,0.0603,9.9e-05
1870,40000,4.675,45:51,44:41:01,0.0514,9.9e-05
1871,40000,4.6775,45:51,31:58:30,0.0566,9.9e-05
1872,40000,4.68,45:51,23:17:08,0.0498,9.9e-05
1873,40000,4.6825,45:51,17:12:42,0.0586,9.9e-05
1874,40000,4.685,45:52,13:01:38,0.0556,9.9e-05
1875,40000,4.6875,45:56,21:11:40,0.0608,9.9e-05
1876,40000,4.69,45:56,15:30:51,0.0661,9.9e-05
1877,40000,4.6925,45:56,11:28:55,0.0738,9.9e-05
1878,40000,4.695,45:56,8:42:44,0.0478,9.9e-05
1879,40000,4.6975,45:57,7:02:13,0.0427,9.9e-05
1880,40000,4.7,45:57,6:08:18,0.0629,9.9e-05
1881,40000,4.7025,45:57,5:32:28,0.0436,9.9e-05
1882,40000,4.705,46:06,32:13:29,0.0497,9.9e-05
1883,40000,4.7075,46:07,23:31:07,0.0642,9.9e-05
1884,40000,4.71,46:07,17:19:59,0.0424,9.9e-05
1885,40000,4.7125,46:07,13:05:23,0.0531,9.9e-05
1886,40000,4.715,46:07,9:51:26,0.0709,9.9e-05
1887,40000,4.7175,46:12,22:46:53,0.0565,9.9e-05
1888,40000,4.72,46:13,16:52:31,0.0688,9.9e-05
1889,40000,4.7225,46:13,12:30:47,0.0679,9.9e-05
1890,40000,4.725,46:13,9:39:38,0.0534,9.9e-05
1891,40000,4.7275,46:13,7:42:38,0.0767,9.9e-05
1892,40000,4.73,46:14,6:20:58,0.0549,9.9e-05
1893,40000,4.7325,46:14,5:40:26,0.051,9.9e-05
1894,40000,4.735,46:22,27:47:05,0.0592,9.9e-05
1895,40000,4.7375,46:22,20:25:10,0.0472,9.9e-05
1896,40000,4.74,46:22,15:16:49,0.0703,9.9e-05
1897,40000,4.7425,46:23,11:38:31,0.069,9.9e-05
1898,40000,4.745,46:23,9:04:50,0.0691,9.9e-05
1899,40000,4.7475,46:27,18:27:53,0.0538,9.9e-05
1900,40000,4.75,46:27,14:07:16,0.0429,9.9e-05
1901,40000,4.7525,46:27,10:37:31,0.0593,9.9e-05
1902,40000,4.755,46:28,8:20:46,0.0441,9.9e-05
1903,40000,4.7575,46:28,6:47:55,0.0542,9.9e-05
1904,40000,4.76,46:28,5:42:27,0.0509,9.9e-05
1905,40000,4.7625,46:28,5:11:59,0.0691,9.9e-05
1906,40000,4.765,46:38,34:49:36,0.0515,9.9e-05
1907,40000,4.7675,46:39,25:38:45,0.0499,9.9e-05
1908,40000,4.77,46:39,19:08:48,0.0511,9.9e-05
1909,40000,4.7725,46:39,14:24:01,0.0521,9.9e-05
1910,40000,4.775,46:40,11:01:02,0.0692,9.9e-05
1911,40000,4.7775,46:45,24:11:23,0.0912,9.9e-05
1912,40000,4.78,46:45,17:54:11,0.0534,9.9e-05
1913,40000,4.7825,46:46,13:32:36,0.0522,9.9e-05
1914,40000,4.785,46:46,10:26:08,0.0732,9.9e-05
1915,40000,4.7875,46:46,8:10:50,0.0513,9.9e-05
1916,40000,4.79,46:46,6:26:55,0.0475,9.9e-05
1917,40000,4.7925,46:47,5:26:43,0.0679,9.9e-05
1918,40000,4.795,46:54,26:37:53,0.0462,9.9e-05
1919,40000,4.7975,46:54,19:37:55,0.0767,9.9e-05
1920,40000,4.8,46:54,14:40:28,0.0529,9.9e-05
1921,40000,4.8025,46:55,11:13:36,0.0519,9.9e-05
1922,40000,4.805,46:55,8:47:21,0.0405,9.9e-05
1923,40000,4.8075,47:03,31:30:28,0.0523,9.9e-05
1924,40000,4.81,47:03,22:44:30,0.0639,9.9e-05
1925,40000,4.8125,47:03,16:48:01,0.0437,9.9e-05
1926,40000,4.815,47:04,12:27:07,0.0462,9.9e-05
1927,40000,4.8175,47:04,9:40:40,0.0524,9.9e-05
1928,40000,4.82,47:04,7:58:59,0.0585,9.9e-05
1929,40000,4.8225,47:05,6:50:59,0.0433,9.9e-05
1930,40000,4.825,47:10,20:23:19,0.0864,9.9e-05
1931,40000,4.8275,47:10,15:13:43,0.0791,9.9e-05
1932,40000,4.83,47:10,11:35:14,0.0532,9.9e-05
1933,40000,4.8325,47:11,9:03:22,0.0537,9.9e-05
1934,40000,4.835,47:11,7:38:10,0.0627,9.9e-05
1935,40000,4.8375,47:19,32:01:45,0.0552,9.9e-05
1936,40000,4.84,47:20,23:21:15,0.0848,9.9e-05
1937,40000,4.8425,47:20,17:17:42,0.0543,9.9e-05
1938,40000,4.845,47:20,13:01:11,0.0746,9.9e-05
1939,40000,4.8475,47:21,10:07:11,0.0606,9.9e-05
1940,40000,4.85,47:21,8:18:31,0.0647,9.9e-05
1941,40000,4.8525,47:21,6:45:02,0.0346,9.9e-05
1942,40000,4.855,47:25,16:10:57,0.056,9.9e-05
1943,40000,4.8575,47:25,12:33:09,0.0601,9.9e-05
1944,40000,4.86,47:26,9:42:59,0.0447,9.9e-05
1945,40000,4.8625,47:26,7:45:53,0.07,9.9e-05
1946,40000,4.865,47:26,6:09:02,0.0502,9.9e-05
1947,40000,4.8675,47:39,45:31:49,0.0613,9.9e-05
1948,40000,4.87,47:39,32:30:47,0.0522,9.9e-05
1949,40000,4.8725,47:40,23:39:15,0.0606,9.9e-05
1950,40000,4.875,47:40,17:13:25,0.0505,9.9e-05
1951,40000,4.8775,47:40,12:41:07,0.0445,9.9e-05
1952,40000,4.88,47:40,9:49:37,0.0348,9.9e-05
1953,40000,4.8825,47:41,7:48:22,0.0489,9.9e-05
1954,40000,4.885,47:42,10:12:40,0.0444,9.9e-05
1955,40000,4.8875,47:43,8:22:58,0.0467,9.9e-05
1956,40000,4.89,47:43,6:33:40,0.0459,9.9e-05
1957,40000,4.8925,47:43,5:32:10,0.0569,9.9e-05
1958,40000,4.895,47:43,4:49:35,0.0557,9.9e-05
1959,40000,4.8975,47:57,47:26:48,0.0532,9.9e-05
1960,40000,4.9,47:58,34:09:32,0.0598,9.9e-05
1961,40000,4.9025,47:58,24:52:45,0.0587,9.9e-05
1962,40000,4.905,47:58,18:22:17,0.0494,9.9e-05
1963,40000,4.9075,47:58,13:49:10,0.0389,9.9e-05
1964,40000,4.91,47:59,10:52:21,0.0621,9.9e-05
1965,40000,4.9125,47:59,8:20:36,0.0443,9.9e-05
1966,40000,4.915,48:00,10:17:06,0.0598,9.9e-05
1967,40000,4.9175,48:01,8:05:17,0.0484,9.9e-05
1968,40000,4.92,48:01,6:51:49,0.0578,9.9e-05
1969,40000,4.9225,48:01,5:30:42,0.0473,9.9e-05
1970,40000,4.925,48:02,4:48:31,0.0664,9.9e-05
1971,40000,4.9275,48:14,42:16:21,0.0472,9.9e-05
1972,40000,4.93,48:14,30:33:48,0.0625,9.9e-05
1973,40000,4.9325,48:14,22:05:43,0.0583,9.9e-05
1974,40000,4.935,48:15,16:22:33,0.0408,9.9e-05
1975,40000,4.9375,48:15,12:25:05,0.0498,9.9e-05
1976,40000,4.94,48:15,9:54:41,0.0573,9.9e-05
1977,40000,4.9425,48:16,7:57:42,0.0547,9.9e-05
1978,40000,4.945,48:16,6:48:09,0.0693,9.9e-05
1979,40000,4.9475,48:16,5:25:18,0.0594,9.9e-05
1980,40000,4.95,48:17,4:43:21,0.0493,9.9e-05
1981,40000,4.9525,48:17,4:15:28,0.0585,9.9e-05
1982,40000,4.955,48:17,3:57:22,0.0479,9.9e-05
1983,40000,4.9575,48:30,42:58:37,0.0564,9.9e-05
1984,40000,4.96,48:30,30:46:27,0.0477,9.9e-05
1985,40000,4.9625,48:30,22:26:30,0.0524,9.9e-05
1986,40000,4.965,48:31,16:37:38,0.0802,9.9e-05
1987,40000,4.9675,48:31,12:36:51,0.0485,9.9e-05
1988,40000,4.97,48:31,10:03:05,0.0606,9.9e-05
1989,40000,4.9725,48:32,8:02:27,0.0461,9.9e-05
1990,40000,4.975,48:32,6:53:28,0.0488,9.9e-05
1991,40000,4.9775,48:33,6:03:59,0.0721,9.9e-05
1992,40000,4.98,48:33,5:30:17,0.0739,9.9e-05
1993,40000,4.9825,48:33,4:48:48,0.0579,9.9e-05
1994,40000,4.985,48:34,4:18:53,0.047,9.9e-05
1995,40000,4.9875,48:44,36:39:20,0.0524,9.9e-05
1996,40000,4.99,48:45,26:53:12,0.0558,9.9e-05
1997,40000,4.9925,48:45,20:02:15,0.052,9.9e-05
1998,40000,4.995,48:45,14:59:45,0.0524,9.9e-05
1999,40000,4.9975,48:45,11:10:58,0.0629,9.9e-05
2000,40000,5.0,48:46,9:01:18,0.0482,9.9e-05
2001,40000,5.0025,48:46,7:16:10,0.0585,9.9e-05
2002,40000,5.005,48:47,8:36:56,0.0576,9.9e-05
2003,40000,5.0075,48:48,7:16:31,0.0633,9.9e-05
2004,40000,5.01,48:48,6:03:44,0.0647,9.9e-05
2005,40000,5.0125,48:48,5:11:47,0.0917,9.9e-05
2006,40000,5.015,48:49,4:52:14,0.0378,9.9e-05
2007,40000,5.0175,49:01,43:01:00,0.0635,9.9e-05
2008,40000,5.02,49:02,31:21:35,0.0465,9.9e-05
2009,40000,5.0225,49:02,22:52:27,0.0375,9.9e-05
2010,40000,5.025,49:02,16:43:59,0.049,9.9e-05
2011,40000,5.0275,49:02,12:37:18,0.0552,9.9e-05
2012,40000,5.03,49:03,10:03:02,0.0637,9.9e-05
2013,40000,5.0325,49:03,8:02:40,0.0608,9.9e-05
2014,40000,5.035,49:09,26:08:49,0.0583,9.9e-05
2015,40000,5.0375,49:10,19:16:50,0.058,9.9e-05
2016,40000,5.04,49:10,14:10:29,0.0547,9.9e-05
2017,40000,5.0425,49:10,10:33:05,0.0601,9.9e-05
2018,40000,5.045,49:11,8:18:04,0.0658,9.9e-05
2019,40000,5.0475,49:16,22:51:57,0.0828,9.9e-05
2020,40000,5.05,49:16,17:17:13,0.0519,9.9e-05
2021,40000,5.0525,49:17,12:47:59,0.0534,9.9e-05
2022,40000,5.055,49:17,10:09:41,0.0493,9.9e-05
2023,40000,5.0575,49:17,8:06:38,0.0471,9.9e-05
2024,40000,5.06,49:18,6:36:49,0.0567,9.9e-05
2025,40000,5.0625,49:18,5:35:35,0.0518,9.9e-05
2026,40000,5.065,49:25,26:20:40,0.0655,9.9e-05
2027,40000,5.0675,49:25,19:22:47,0.0432,9.9e-05
2028,40000,5.07,49:26,14:31:58,0.0434,9.9e-05
2029,40000,5.0725,49:26,11:07:59,0.0463,9.9e-05
2030,40000,5.075,49:26,8:45:10,0.0691,9.9e-05
2031,40000,5.0775,49:28,10:32:00,0.047,9.9e-05
2032,40000,5.08,49:28,8:20:35,0.0452,9.9e-05
2033,40000,5.0825,49:28,6:46:11,0.0401,9.9e-05
2034,40000,5.085,49:28,5:58:03,0.0551,9.9e-05
2035,40000,5.0875,49:29,5:08:15,0.0435,9.9e-05
2036,40000,5.09,49:29,4:33:20,0.047,9.9e-05
2037,40000,5.0925,49:29,4:11:10,0.0469,9.9e-05
2038,40000,5.095,49:41,38:21:57,0.0762,9.9e-05
2039,40000,5.0975,49:41,28:08:11,0.041,9.9e-05
2040,40000,5.1,49:41,20:55:44,0.0619,9.9e-05
2041,40000,5.1025,49:42,15:36:16,0.0452,9.9e-05
2042,40000,5.105,49:42,12:07:45,0.047,9.9e-05
2043,40000,5.1075,49:44,15:09:22,0.053,9.9e-05
2044,40000,5.11,49:45,11:53:10,0.0683,9.9e-05
2045,40000,5.1125,49:45,9:18:43,0.0582,9.9e-05
2046,40000,5.115,49:45,7:44:10,0.056,9.9e-05
2047,40000,5.1175,49:46,6:24:13,0.0692,9.9e-05
2048,40000,5.12,49:46,5:22:39,0.0568,9.9e-05
2049,40000,5.1225,49:46,4:43:02,0.0535,9.9e-05
2050,40000,5.125,49:57,37:09:50,0.054,9.9e-05
2051,40000,5.1275,49:57,27:16:03,0.0437,9.9e-05
2052,40000,5.13,49:58,20:00:27,0.0543,9.9e-05
2053,40000,5.1325,49:58,14:57:41,0.0477,9.9e-05
2054,40000,5.135,49:58,11:43:08,0.0678,9.9e-05
2055,40000,5.1375,50:02,19:36:52,0.0467,9.9e-05
2056,40000,5.14,50:02,14:42:28,0.0453,9.9e-05
2057,40000,5.1425,50:03,11:16:31,0.0436,9.9e-05
2058,40000,5.145,50:03,8:50:10,0.0494,9.9e-05
2059,40000,5.1475,50:03,7:23:05,0.0657,9.9e-05
2060,40000,5.15,50:04,6:09:23,0.0383,9.9e-05
2061,40000,5.1525,50:04,5:14:49,0.0786,9.9e-05
2062,40000,5.155,50:14,36:16:48,0.0679,9.9e-05
2063,40000,5.1575,50:14,26:19:11,0.0438,9.9e-05
2064,40000,5.16,50:15,19:20:12,0.0463,9.9e-05
2065,40000,5.1625,50:15,14:29:04,0.0602,9.9e-05
2066,40000,5.165,50:15,11:04:11,0.0539,9.9e-05
2067,40000,5.1675,50:17,11:36:28,0.0685,9.9e-05
2068,40000,5.17,50:17,9:22:27,0.0589,9.9e-05
2069,40000,5.1725,50:17,7:47:30,0.0367,9.9e-05
2070,40000,5.175,50:18,6:27:59,0.0513,9.9e-05
2071,40000,5.1775,50:18,5:43:32,0.0611,9.9e-05
2072,40000,5.18,50:18,4:58:01,0.0338,9.9e-05
2073,40000,5.1825,50:19,6:17:12,0.0411,9.9e-05
2074,40000,5.185,50:30,39:48:16,0.0663,9.9e-05
2075,40000,5.1875,50:31,28:52:37,0.0598,9.9e-05
2076,40000,5.19,50:31,21:11:39,0.0784,9.9e-05
2077,40000,5.1925,50:31,15:44:27,0.0404,9.9e-05
2078,40000,5.195,50:32,12:12:44,0.036,9.9e-05
2079,40000,5.1975,50:34,16:46:11,0.0465,9.9e-05
2080,40000,5.2,50:35,13:01:51,0.049,9.9e-05
2081,40000,5.2025,50:36,14:31:09,0.0468,9.9e-05
2082,40000,5.205,50:37,11:06:12,0.0516,9.9e-05
2083,40000,5.2075,50:37,8:42:45,0.0642,9.9e-05
2084,40000,5.21,50:37,7:02:01,0.0618,9.9e-05
2085,40000,5.2125,50:38,8:07:16,0.0645,9.9e-05
2086,40000,5.215,50:44,23:06:03,0.0397,9.9e-05
2087,40000,5.2175,50:44,17:38:28,0.0327,9.9e-05
2088,40000,5.22,50:45,13:20:41,0.0488,9.9e-05
2089,40000,5.2225,50:45,10:15:45,0.0931,9.9e-05
